Id,Apellido Paterno,Apellido Materno,Nombre (s) ,Telefono,Correo
1,ABDO,FRANCIS,JUAN MIGUEL,2822567499,gonzalez@webnode.com
2,ABREU,HERNANDEZ,LUIS FELIPE,6058371691,clethdbrig0@chronoengine.com
3,ACOSTA,TORRES,LAURA SUSANA,8756748306,alonder1@youtube.com
4,AGUAYO,GONZALEZ,ALVARO,3254965922,vseed2@list-manage.com
5,AGUILAR,SALINAS,CARLOS ALBERTO,4999453234,fmccarry3@ning.com
6,AGUILAR,SETIEN,JOSE ALVARO,5941626474,pervin4@weebly.com
7,AGUIRRE,CRUZ,MARIA LUCINDA,6785338563,mdanovich5@symantec.com
8,AGUIRRE,GARCIA,JESUS,7628818637,atwitty6@hp.com
9,AGUIRRE,GAS,HECTOR GERARDO,6945665089,alambotin7@about.com
10,ALBERU,GOMEZ,JOSEFINA MARIA,7049766169,lterbruggen8@unc.edu
11,ALCANTAR,CURIEL,MARIA DOLORES,3527297261,mseivertsen9@nasa.gov
12,ALCARAZ,VERDUZCO,MANUEL,6706819697,kbrightya@sun.com
13,ALCOCER,VARELA,JORGE,4806899195,acastonb@harvard.edu
14,ALEXANDERSON,ROSAS,ERICK,5067096400,jmabeec@cargocollective.com
15,ALMEDA,VALDES,PALOMA,7301445526,elowtherd@imageshack.us
16,ALONSO,VANEGAS,MARIO ARTURO,2862128748,lshildrakee@reddit.com
17,ALONSO,VIVEROS,PATRICIA,6795396503,bsammutf@homestead.com
18,ALPUCHE,ARANDA,CELIA MERCEDES,8655082297,jibbesong@meetup.com
19,ALVA,ESPINOSA,CARLOS ALFONSO,8484691886,bfendleyh@comcast.net
20,ALVARADO,CABRERO,MARIA ISABEL,8395082712,yshimmani@sitemeter.com
21,ALVAREZ,CORDERO,RAFAEL,5478208401,hdecreuzej@google.ca
22,ALVAREZ,DEL RIO,MARIA ASUNCION,9566195871,fjukesk@nydailynews.com
23,ALVAREZ,LEFFMANS,FRANCISCO JAVIER,4014410993,twhiskerdl@w3.org
24,ALVAREZ,MALDONADO,PABLO,7266455937,wjiggenm@exblog.jp
25,ALVAREZ,NEMEGYEI,JOSE,2595680299,tdudnyn@miibeian.gov.cn
26,AMATO,MARTINEZ,JOSE DANTE,5396436704,iskaifedingerthorpeo@stanford.edu
27,AMIGO,CASTANEDA,MARIA DEL CARMEN,4279422818,ngoodchildp@blogspot.com
28,ANGELES,ANGELES,ARTURO,7437575073,rklagemanq@bloomberg.com
29,ANGELES,CASTELLANOS,ALBERTO MANUEL,9239606134,lhundleyr@cnet.com
30,APIQUIAN,GUITART,ROGELIO,9546054374,enancarrows@freewebs.com
31,ARAICO,LAGUILLO,JOAQUIN,2463123406,gbussyt@newyorker.com
32,ARAUZ,GONGORA,ANGEL ANTONIO,9099655680,mnortheyu@webnode.com
33,ARCILA,HERRERA,HERIBERTO,5826595886,mackersv@ameblo.jp
34,ARELLANES,GARCIA,MARIA DE LOURDES,1902062426,tdaenenw@bbb.org
35,ARENAS,GUZMAN,ROBERTO,9776479765,rdeexx@youku.com
36,ARGšERO,SANCHEZ,RUBEN,5131413038,araitiey@facebook.com
37,ARIAS,MONTANO,JOSE ANTONIO,1727828294,ghonackz@wp.com
38,ARIZA,ANDRACA,CUAUHTEMOC RAUL,6932222316,srennard10@amazon.co.uk
39,ARREDONDO,GALAN,JOSE HUGO,6727501676,cruggs11@prnewswire.com
40,ARRIAGA,GRACIA,JAIME JACOBO,5103361739,jprior12@blogtalkradio.com
41,ARRIAGA,PIZANO,LOURDES ANDREA,1608188386,jransley13@blog.com
42,ARRIETA,RODRIGUEZ,OSCAR GERARDO,9707201789,vayre14@gravatar.com
43,ARROYO,ACEVEDO,PEDRO,7261591430,mlaphorn15@paypal.com
44,ARTEAGA,GOMEZ,ANA CRISTINA,3826175187,aeldershaw16@opensource.org
45,ARZATE,NULL,HIGINIO,7734434177,fsperrett17@sciencedirect.com
46,ASTIAZARAN,GARCIA,HUMBERTO FRANCISCO,4095700979,cwride18@mac.com
47,AVALOS,DIAZ,ESPERANZA DEL REFUGIO,3721448427,bstratton19@xinhuanet.com
48,AVILA,CASADO,MARIA DEL CARMEN,8827271441,xhoys1a@taobao.com
49,AVILA,FUNES,JOSE ALBERTO,6344347107,gblacker1b@dmoz.org
50,AVILA,RODRIGUEZ,MIGUEL ANGEL,6121804878,fduckers1c@godaddy.com
51,AVINA,VALENCIA,JORGE ARTURO,5065400612,glanphier1d@livejournal.com
52,AYALA,RUIZ,AQUILES R.,9121408113,kbarnewall1e@cnn.com
53,BAEZ,SALDANA,ALEJANDRA RENATA,3541497706,snequest1f@vkontakte.ru
54,BAEZA,BACAB,MANUEL ANTONIO,1736212062,pmaccambridge1g@narod.ru
55,BAEZA,HERRERA,CARLOS,9816897691,jbartoszinski1h@dyndns.org
56,BAPTISTA,GONZALEZ,HECTOR ALFREDO,6422375761,nbalas1i@purevolume.com
57,GONZALEZ,ALDATZ,FERNANDO,4722800092,gtryme1j@etsy.com
58,BARQUERA,CERVERA,SIMON,6332236184,bbuddock1k@dedecms.com
59,BARRAGAN,GARCIA,RODOLFO,4856661085,mlivingston1l@wsj.com
60,BARRERA,FRANCO,JOSE LUIS,1786597515,anoakes1m@163.com
61,BARRERA,SALDANA,HUGO ALBERTO,4171056413,atidmarsh1n@virginia.edu
62,BARRIENTOS,GUTIERREZ,TONATIUH,8757573347,bhumby1o@sitemeter.com
63,BARRIGUETE,MELENDEZ,JORGE ARMANDO,6206278923,gtowell1p@zimbio.com
64,BARROSO,VILLA,JUAN GERARDO,1341409173,gcoulston1q@irs.gov
65,BASURTO,ACEVEDO,MARIA DE LOURDES,9716409304,ashellum1r@apache.org
66,BECKER,FAUSER,INGEBORG DOROTHEA,4272824699,bpetti1s@cdc.gov
67,BELTRAN,ORTEGA,ARTURO,2095607222,ocohrs1t@privacy.gov.au
68,BERLANGA,CISNEROS,CARLOS HERNAN,6472272476,amcgarvey1u@vistaprint.com
69,BERMUDEZ ,LLANOS,JOSE ARTURO,5784110747,gschouthede1v@nhs.uk
70,BERRUECOS,VILLALOBOS,JOSE MANUEL,8174784411,glockless1w@admin.ch
71,BERUMEN,CAMPOS,JAIME,9793429941,gbrenstuhl1x@biblegateway.com
72,BIAGI,FILIZOLA,FRANCISCO,5949380781,srobertucci1y@sakura.ne.jp
73,BLANCO,FAVELA,FRANCISCO ANTONIO,2416283375,npadson1z@sina.com.cn
74,BOBADILLA,SANDOVAL,NORMA ARACELI,2893295861,rdupree20@auda.org.au
75,BOJALIL,PARRA,RAFAEL,2454656663,jdehooch21@zimbio.com
76,BOLIO,CICERO,ALVARO,1918442821,pfossett22@theguardian.com
77,BORJA,ABURTO,VICTOR HUGO,1252921405,mcasine23@businesswire.com
78,BORRAYO,SANCHEZ,GABRIELA,5174968560,omckerlie24@mit.edu
79,BOSQUES,PADILLA,FRANCISCO JAVIER,3983038907,nferrillio25@pagesperso-orange.fr
80,BOURGES,RODRIGUEZ,HECTOR,9779611336,dbulbrook26@mysql.com
81,BRACHO,BLANCHET,EDUARDO,6631728993,karonowitz27@trellian.com
82,BRIONES,GARDUNO,JESUS CARLOS,6319237580,sbrogioni28@bloomberg.com
83,BUENDIA,HERNANDEZ,ALFONSO,2156853898,osurplice29@bigcartel.com
84,BURGOS,VARGAS,RUBEN,2889197807,cgianulli2a@uol.com.br
85,CABRAL,CASTANEDA,ANTONIO RAFAEL,9998597457,cherreros2b@admin.ch
86,CALDERON,COLMENERO,JUAN EBERTO,3897278442,jlimmer2c@instagram.com
87,CALDERON,GARCIDUENAS,ANA LAURA,7734103475,ibeldom2d@friendfeed.com
88,CALLEJA,CASTILLO,JUAN MANUEL,3514835161,rlindman2e@com.com
89,CALVA,MERCADO,JUAN JOSE,5398904309,sguerrin2f@nps.gov
90,CALVA,Y RODRIGUEZ,ROBERTO GUILLERMO,7079534754,ngullick2g@google.com.au
91,CAMACHO,ORTIZ,ADRIAN,7209776359,gcremer2h@ow.ly
92,CAMPILLO,SERRANO,CARLOS DANIEL,8984596868,jbiggadyke2i@mapy.cz
93,CAMPOS,NAVARRO,ROBERTO,9956547559,cdomenc2j@tumblr.com
94,CAMPUZANO,FERNANDEZ,MANUEL,8123825348,lricardo2k@youku.com
95,CANO,VALLE,FERNANDO RUBEN,2072243362,cjosowitz2l@delicious.com
96,CANTO,DE CETINA,THELMA E.,2003701812,ccheson2m@studiopress.com
97,CANTU,BRITO,CARLOS,4988957566,skuhn2n@google.com.au
98,CANTU,DE LEON,DAVID FRANCISCO,6805331201,tcarpmile2o@ustream.tv
99,CARABEZ,TREJO,ALFONSO,9739682009,wtrevascus2p@cocolog-nifty.com
100,CARDIEL,RIOS,MARIO HUMBERTO,3696847032,diannitti2q@fda.gov
101,CARDONA,PEREZ,JORGE ARTURO,5779573241,pewert2r@eepurl.com
102,CAREAGA,REYNA,GUILLERMO,7307833497,krayson2s@soup.io
103,CARNEVALE,CANTONI,ALESSANDRA,8701317172,gmundie2t@geocities.jp
104,CARRILLO,ESPER,RAUL,1052571407,narnke2u@umn.edu
105,CARRILLO,RUIZ,JOSE DAMIAN,2784153063,dmcclenan2v@upenn.edu
106,CASTANO,MENESES,VICTOR MANUEL,6052997993,ckinkade2w@xrea.com
107,CASTANON,GONZALEZ,JORGE ALBERTO,8963862831,cjillard2x@over-blog.com
108,CASTELLANOS,VILLEGAS,GASTON,4812861175,jbaglin2y@admin.ch
109,CASTILLO,MARTINEZ,LILIA,5803856419,bgayne2z@wikipedia.org
110,CASTILLO,SALGADO,CARLOS,9239474554,bbinny30@digg.com
111,CEBRIAN,GARCIA,MARIANO ENRIQUE,6659447615,sbugdall31@alexa.com
112,CELIS,LOPEZ,MIGUEL ANGEL,3461725255,ryukhnov32@seesaa.net
113,CEREIJIDO,MATTIOLI,MARCELINO,4652339135,mbirtley33@woothemes.com
114,CETINA,MANZANILLA,JOSE ANTONIO,7711924087,mmathe34@bing.com
115,CHAN,NUNEZ,LUIS CARLOS,9274968525,jpaolicchi35@whitehouse.gov
116,CHAPELA,MENDOZA,MARIA DEL ROCIO,4736440264,klanfere36@ning.com
117,CHAVEZ,COSIO,EDMUNDO,8649714202,kspriggs37@cpanel.net
118,CHAVEZ,NEGRETE,ADOLFO,8466373264,mbernardin38@globo.com
119,CHAVEZ,LOPEZ,MARIA DE GUADALUPE,6776402970,edepaoli39@ibm.com
120,CHICO,PONCE DE LEON,FERNANDO,5827785672,halcido3a@google.com.hk
121,CICERO,SABIDO,RAUL,5351561591,hmaggiore3b@marriott.com
122,CLARK,PERALTA,PATRICIA ELENA,2385893116,emccarver3c@walmart.com
123,CONTRERAS,RUIZ,JOSE,6257612635,hstockall3d@freewebs.com
124,CORDERA,PASTOR,ARMANDO,6139490953,lgarvagh3e@baidu.com
125,CORDOVA,VILLALOBOS,JOSE ANGEL,7121871223,gemmison3f@sakura.ne.jp
126,CORONA,VAZQUEZ,TERESA,6665446113,mbosket3g@samsung.com
127,CORREA,ROTTER,JOSE RICARDO,4881132781,scaberas3h@creativecommons.org
128,COSSIO,DIAZ,JOSE RAMON,2369690916,kkeepence3i@constantcontact.com
129,CRAVIOTO,QUINTANA,ALEJANDRO RAFAEL,8905083524,datlay3j@auda.org.au
130,CRIALES,CORTES,JOSE LUIS,2175571709,bkinastan3k@ftc.gov
131,CRUZ,LOPEZ,MIGUEL,5641127608,fbradbury3l@github.io
132,CUEVAS,RAMOS,DANIEL,8667562332,bmuneely3m@t.co
133,DE LA FUENTE,RAMIREZ,JUAN RAMON,8215115693,tcostard3n@prnewswire.com
134,DE LA GARZA,SALAZAR,JAIME GUADALUPE,5837536354,fraisbeck3o@istockphoto.com
135,DE LA LLATA,ROMERO,MANUEL,5055081435,volennachain3p@w3.org
136,DE LA PENA,DIAZ,AURORA,6043045320,aperillo3q@mozilla.com
137,DE LA ROSA,LARIS,CARLOS,4036895052,lgilliatt3r@google.com
138,DE LA TORRE,BRAVO,ANTONIO,2384069555,lcarillo3s@mozilla.org
139,DECANINI,TERAN,CESAR,7678020248,lkull3t@globo.com
140,DEHESA,VIOLANTE,MARGARITA,1732556950,amacfaell3u@barnesandnoble.com
141,DEL RIO,NAVARRO,BLANCA ESTELA,5012508587,mgrahl3v@dropbox.com
142,DIAZ,JOUANEN,EFRAIN,6619050976,hcaddie3w@usatoday.com
143,DIAZ,MARTINEZ,ALEJANDRO,4386030545,bdraisey3x@reuters.com
144,DIAZ,MARTINEZ,NESTOR FABIAN,4692422729,eottey3y@i2i.jp
145,DIAZ,OLAVARRIETA,CLAUDIA AMELIA,1502956152,lclatworthy3z@infoseek.co.jp
146,DIAZ,QUINONEZ,JOSE ALBERTO,5541453496,mcolson40@hubpages.com
147,DIAZ,RODRIGUEZ,MANUEL,9787820432,khannum41@sohu.com
148,DIAZ DE LEON,PONCE,MANUEL ANTONIO,7743886277,abowley42@toplist.cz
149,DOMINGUEZ,CARRILLO,LUIS GERARDO,8619359534,dleckie43@360.cn
150,DOMINGUEZ,CHERIT,JOSE GUILLERMO,4865550244,ejimmes44@ask.com
151,DOMINGUEZ,CHERIT,JUDITH GUADALUPE,3863896352,cjaimez45@canalblog.com
152,DOMINGUEZ,MALAGON,HUGO RICARDO,7464041594,fcasero46@uol.com.br
153,DOMINGUEZ,ROSADO,ISMAEL,8002799790,bcarbonell47@privacy.gov.au
154,DOMINGUEZ,SOTO,LUCIANO,1937663378,sbielefeld48@ameblo.jp
155,DREYFUS,CORTES,GEORGES,4069398003,govitz49@ning.com
156,DUENAS,GONZALEZ,ALFONSO,9869151439,lkuna4a@4shared.com
157,DUFOO,OLVERA,MANUEL,5441468580,aklaussen4b@facebook.com
158,DURAN,ARENAS,JUAN LUIS,9354745554,lmackey4c@ftc.gov
159,DURAN,MCKINSTER,LOURDES CAROLA,1171215934,nbliben4d@163.com
160,EGUIBAR,CUENCA,JOSE RAMON,1095011014,blord4e@sourceforge.net
161,EID,LIDT,GUERING,5599310300,vcribbott4f@webs.com
162,ELIZONDO,RIOJAS,GUILLERMO,7716749444,imathie4g@prlog.org
163,ESCALANTE,ACOSTA,BRUNO ALFONSO,4438764313,lyurkin4h@printfriendly.com
164,ESCOBAR,BRIONES,CAROLINA,4411414323,rplanks4i@patch.com
165,ESCOBAR,GUTIERREZ,ALEJANDRO,6853639694,wharome4j@boston.com
166,ESCOBEDO,DE LA PENA,JORGE,1995518859,hbarthorpe4k@jigsy.com
167,ESLAVA,CAMPOS,CARLOS ALBERTO,1592928250,slettley4l@studiopress.com
168,ESPINOLA,ZAVALETA,NILDA GLADYS,1353159973,blamps4m@biblegateway.com
169,ESTANOL,VIDAL,BRUNO,9412574212,sslator4n@google.pl
170,ESTRADA,CASTANON,ROBERTO AUGUSTO,2226258345,sgeindre4o@senate.gov
171,ESTRADA,PARRA,SERGIO,9198637632,ogratten4p@xing.com
172,ESTRADA,GARCIA,MARIA TERESA,6796619366,mneighbour4q@bigcartel.com
173,EXAIRE,MURAD,JOSE EMILIO,8156922003,hboodle4r@indiatimes.com
174,FAJARDO,DOLCI,GERMAN E.,4938743985,asecret4s@surveymonkey.com
175,FAJARDO,ORTIZ,GUILLERMO,4192154460,hhachard4t@oaic.gov.au
176,FERAT,OSORIO,EDUARDO ANTONIO,6419073587,wrosenthal4u@pcworld.com
177,FEREZ,SANTANDER,SERGIO MARIO,8589040756,amellor4v@indiegogo.com
178,FERIA,BERNAL,GUILLERMO,6996729392,cbole4w@posterous.com
179,FERNANDEZ,CARROCERA,LUIS ALBERTO,9071987898,eshillum4x@yahoo.co.jp
180,FERNANDEZ ,PEREDO,JORGE,8631035566,lbilston4y@uol.com.br
181,FIELD,CORTAZARES,JORGE DE JESUS,2574645388,smostin4z@senate.gov
182,FLISSER,STEINBRUCH,ANA,4102562315,bfidgeon50@miitbeian.gov.cn
183,FLORES,RIVERA,JOSE DE JESUS,9155576210,ghaddick51@g.co
184,FLORES,SUAREZ,LUIS FELIPE,2819050380,tdefty52@google.de
185,FRAGA,MOURET,ANTONIO,3037036224,bmurrthum53@tumblr.com
186,FRANCO,GUEVARA,MARTHA,1967866954,pshills54@wikimedia.org
187,FRATI,MUNARI,ALBERTO CARLO,5133783162,ajanaszkiewicz55@dyndns.org
188,FRENK,MORA,JULIO JOSE,7486355985,vbickerstaffe56@nasa.gov
189,FUENTE,DEL CAMPO,ANTONIO,2813750960,ggrummitt57@ning.com
190,FURUYA,MEGURO,MARIA ELENA YURIKO,2589225832,sarling58@tinyurl.com
191,GABILONDO,NAVARRO,FERNANDO BERNARDO,9203580527,lrunge59@scientificamerican.com
192,GABRIEL,ORTIZ,GENARO,2943915473,kmatteris5a@comcast.net
193,GALLEGOS,CIGARROA,ALFREDO JAVIER,5122766110,nconquest5b@statcounter.com
194,GALLEGOS,HERNANDEZ,JOSE FRANCISCO,9638884172,kgoghin5c@gmpg.org
195,GAMBA,AYALA,GERARDO,9159336475,mwoolmington5d@bloglovin.com
196,GARCIA,ARANDA,JOSE ALBERTO,4686511068,cvasilkov5e@mashable.com
197,GARCIA,DE LA TORRE,IGNACIO,4327308510,lmcilvaney5f@comsenz.com
198,GARCIA,DIAZ,DAVID ERASMO,3879060018,hbartusek5g@google.com.au
199,GARCIA,GARCIA,MARIA DE LOURDES,6794875081,mkingsnode5h@last.fm
200,GARCIA,PENA,MARIA DEL CARMEN,7362001000,ghaythorne5i@europa.eu
201,GARCIA,RAMOS,GUILLERMO SALVADOR,3167635358,scammis5j@paginegialle.it
202,GARCIA,RIVAS,GERARDO DE JESUS,2107893486,rsandever5k@sun.com
203,GARCIA,SAINZ,JESUS ADOLFO,6794415419,ksagg5l@storify.com
204,GARCIA,VELASCO,JOSE,1433520902,gstopforth5m@wikipedia.org
205,GARCIA,VILLARREAL,OVIDIO ALBERTO,1811382549,bsparshatt5n@creativecommons.org
206,GARCIA,CARRASCO,MARIO,8955534381,jclutton5o@princeton.edu
207,GARZA,MERCADO,ROMAN,5616523892,cdehaven5p@gov.uk
208,GARZA,RAMOS,JUAN,5639719933,awicher5q@instagram.com
209,GASPAR,HERNANDEZ,JORGE,2731898340,rcousans5r@cbc.ca
210,GERSON,CWILICH,RAQUEL,5395426033,pkearley5s@netlog.com
211,GIONO,CEREZO,SILVIA,3557998258,knulty5t@accuweather.com
212,GIRON,PEREZ,MANUEL IVAN,8816689642,mogg5u@apple.com
213,GOMEZ,ALCALA,ALEJANDRO VIDAL,2777744732,abennetto5v@webs.com
214,GOMEZ,ALMAGUER,DAVID,2426364222,ilippi5w@aboutads.info
215,GOMEZ,BARRETO,DEMOSTENES,6102077107,mbrignell5x@dropbox.com
216,GOMEZ,PEREZ,FRANCISCO JAVIER,7257144896,tivanchenkov5y@t-online.de
217,GOMEZ,QUIROZ,LUIS ENRIQUE,6622484715,bthorlby5z@tamu.edu
218,GOMEZ,REGUERA,LEOPOLDO,8733335504,rkinge60@sogou.com
219,GOMEZ,DIAZ,RITA ANGELICA,5873589490,kwelham61@ning.com
220,GONGORA,RIVERA,JUAN FERNANDO,4285404106,bofen62@marriott.com
221,GONZALEZ,AMARO,ROBERTO F.,3706424540,lyeats63@sphinn.com
222,GONZALEZ,BLOCK,MIGUEL ANGEL,3133851497,acoatsworth64@scientificamerican.com
223,GONZALEZ,BONILLA,CESAR RAUL,3161842218,alamkin65@opensource.org
224,GONZALEZ,CHAVEZ,ANTONIO,9064901401,csenter66@youtu.be
225,GONZALEZ,CONTRERAS,QUINTIN HECTOR,9187055365,jtwinterman67@marriott.com
226,GONZALEZ,CORNEJO,SALVADOR,8557309901,martis68@github.io
227,GONZALEZ,HERMOSILLO,JESUS ANTONIO,7988586290,lbrickwood69@trellian.com
228,GONZALEZ,LLAVEN,JOSE EUGENIO,7943072378,lgavaran6a@zimbio.com
229,GONZALEZ,OJEDA,ALEJANDRO,3006441368,gklain6b@apple.com
230,GONZALEZ,ORTIZ,MANUEL,4253223903,blegier6c@cpanel.net
231,GONZALEZ,PEREZ,OSCAR PORFIRIO,5655572168,wmarzele6d@sourceforge.net
232,GONZALEZ,ROMERO,SERGIO,2267851585,jsergeant6e@sbwire.com
233,GONZALEZ ,MARTINEZ,TERESITA DEL NINO JESUS,7821168398,tdedman6f@wufoo.com
234,GONZALEZ ,BRISENO,MARIA ALEJANDRA,5105571417,atilte6g@bloglovin.com
235,GONZALEZ,Y MURIEL,GABRIELA,1733083647,cvasyutichev6h@chicagotribune.com
236,GONZALEZ,Y MURIEL,LORENZA,2524918020,jbrazil6i@wufoo.com
237,GORDON,BARABEJZYK,FELIPE,5548784884,qlamacraft6j@nbcnews.com
238,GORODEZKY,LAUFERMAN,CLARA,1109065170,ggarwill6k@gizmodo.com
239,GRAEF,SANCHEZ,ALICIA,8172336496,dparbrook6l@studiopress.com
240,GRANADOS,ARRIOLA,JULIO,3735583678,mslixby6m@yale.edu
241,GRAUE,WIECHERS,ENRIQUE LUIS,8896571421,hwyley6n@altervista.org
242,GUADALAJARA,BOO,JOSE FERNANDO,9645116933,folwen6o@google.nl
243,GUAL,CASTRO,CARLOS,6222189942,etakos6p@blogs.com
244,GUARDIOLA,FERNANDEZ,ANTONIO,5777058769,ajillard6q@msu.edu
245,GUERRERO,AVENDANO,GUADALUPE MERCEDES LUCIA,1431120055,bblackman6r@ted.com
246,GUEVARA,CRUZ,MARTHA,6113509796,cwolverson6s@lycos.com
247,GUEVARA,GUZMAN,ROSALINDA,6972666749,agigg6t@ycombinator.com
248,GUEVARA,LOPEZ,URIA MEDARDO,5774623027,ggarfirth6u@dyndns.org
249,GUINTO,BALANZAR,GERARDO,8672224393,twaltho6v@smugmug.com
250,GUISCAFRE,GALLARDO,HECTOR JOSE,6885649998,larmatys6w@un.org
251,GUITIERREZ,RUIZ,MARIA CONCEPCION,2898133771,sfrazier6x@ycombinator.com
252,GULIAS,GUERRERO,ALFONSO,5159193724,jfairey6y@mashable.com
253,GUTIERREZ,AGUIRRE,CESAR HOMERO,9593789006,bkineton6z@about.me
254,GUTIERREZ,ROBLEDO,LUIS MIGUEL,7716956777,askaid70@xinhuanet.com
255,GUTIERREZ,SAMPERIO,CESAR,7232637799,chevner71@bluehost.com
256,GUTIERREZ,REYES,JUAN PABLO,7483220541,swoolhouse72@ox.ac.uk
257,HALABE,CHEREM,JOSE,4769569355,fpiesold73@ebay.com
258,HAMUI,SUTTON,ALICIA,7175831775,fhusselbee74@bravesites.com
259,HEINZE,MARTIN,GERARDO,8649157439,dhatchett75@weibo.com
260,HEREDIA,DUARTE,ALFREDO,8806357545,abartholin76@guardian.co.uk
261,HERNANDEZ,AVILA,MAURICIO,7688252919,mtallet77@newyorker.com
262,HERNANDEZ,DA MOTTA,SERGIO EUSTOLIO,4477249099,cpritty78@gnu.org
263,HERNANDEZ,JAUREGUI,PABLO,3591922429,evidgen79@foxnews.com
264,HERNANDEZ,MOLINA,GABRIELA AURORA,7788214173,rhuard7a@newsvine.com
265,HERNANDEZ,ORTIZ,JORGE,7895602251,lcowperthwaite7b@flavors.me
266,HERNANDEZ,PANDO,ROGELIO ENRIQUE,6968531502,jmusselwhite7c@auda.org.au
267,HERNANDEZ,RODRIGUEZ,JORGE,4771846512,fmarrison7d@themeforest.net
268,HERNANDEZ,SOLIS,ALEJANDRO,7669758027,lberick7e@ebay.com
269,HERNANDEZ,VALENCIA,MARCELINO,6168049899,asimonett7f@hugedomains.com
270,HERRERA,ABARCA,JORGE E.,3033037944,tpostians7g@ow.ly
271,HERRERA,ESPARZA,RAFAEL,7897714129,jlooks7h@amazonaws.com
272,HERRERA,GOEPFERT,ROBERTO,5365137025,whuton7i@canalblog.com
273,HERRERA,HERNANDEZ,MIGUEL FRANCISCO,9088940455,cchallicombe7j@nyu.edu
274,HERRERA,MONTALVO,LUIS ALONSO,1761004722,blavender7k@macromedia.com
275,HICKS,GOMEZ,JUAN JOSE,8545223380,ateodorski7l@theglobeandmail.com
276,HIJAR,MEDINA,MARTHA C.,2044818056,cranyell7m@tripadvisor.com
277,HINOJOSA,BECERRIL,CARLOS ARTURO,8686496419,twickie7n@reuters.com
278,HIRIART,URDANIVIA,MARCIA,3636928706,gsyce7o@discuz.net
279,HOJYO,TOMOKA,MARIA TERESA,5359042507,kcaroll7p@cpanel.net
280,HONG,CHONG,ENRIQUE,4934192597,vgernier7q@apache.org
281,HUERTA,YEPEZ,SARA,3662877287,ltocher7r@netvibes.com
282,HURTADO,ANDRADE,HUMBERTO,7207522296,nkrol7s@walmart.com
283,IBARRA,ARIAS,JUAN ANTONIO,8627172891,jparminter7t@soundcloud.com
284,IBARRA,PONCE DE LEON,JOSE CLEMENTE,9336996106,sdedomenicis7u@quantcast.com
285,IGLESIAS,MORALES,MARTIN,6887170758,lnannoni7v@flavors.me
286,ILARRAZA,LOMELI,HERMES,2707401306,kgreatbanks7w@sphinn.com
287,INFANTE,CASTANEDA,CLAUDIA BEGONA,7972824571,hmary7x@umich.edu
288,IRIGOYEN,CORIA,ARNULFO EMMANUEL,9984594052,jfransman7y@oakley.com
289,ISIBASI,ARAUJO,ARMANDO,8173004543,dprier7z@livejournal.com
290,ISORDIA,SALAS,IRMA,6753683159,jcartmell80@yahoo.co.jp
291,ITURRALDE,TORRES,PEDRO,8445751073,jajam81@delicious.com
292,JAKEZ,OCAMPO,JUAN DE JESUS,1064799497,bbelford82@hhs.gov
293,JASSO,GUTIERREZ,LUIS,8868243230,bthirlwall83@hugedomains.com
294,JAUREGUI,RENAUD,KATHRINE,7307789413,esuttill84@trellian.com
295,SANCHEZ,DIAZ,CARLOS,9637984810,jcorington85@japanpost.jp
296,JIMENEZ,PONCE,FIACRO,5981280175,dgeorgius86@hp.com
297,JIMENEZ,SANCHEZ,GERARDO,9799234283,djosey87@netscape.com
298,JUNG,COOK,HELGI HELENE,1855619133,rdudding88@cloudflare.com
299,KARCHMER,KRIVITZKY,SAMUEL,2492192776,pmates89@ucla.edu
300,KATZ,GUSS,GREGORIO,1876539941,pmaasz8a@prlog.org
301,KAUFER,HORWITZ,MARTHA,1971431845,lream8b@kickstarter.com
302,KERSHENOBICH,STALNIKOWITZ,DAVID,7561951852,dlafee8c@hostgator.com
303,KIMURA,FUJIKAMI,TAKAO,7052494261,wmcdonell8d@usa.gov
304,KIMURA,FUJIKAMI,YUKIYOSI,4274042205,mpleass8e@surveymonkey.com
305,KNAUL,WINDISH,FELICIA MARIE,4209355459,hlias8f@gnu.org
306,KURI,HARCUCH,WALID,4952081780,rlehrmann8g@ibm.com
307,KURI,MORALES,PABLO ANTONIO,7009484281,cdutt8h@reference.com
308,LABARDINI,MENDEZ,JUAN RAFAEL,8349954241,lprickett8i@state.tx.us
309,LACLETTE,SAN ROMAN,JUAN PEDRO,6435879011,lapplegate8j@github.com
310,LACY,NIEBLA,MARIA DEL CARMEN,1398721805,rcliburn8k@com.com
311,LARA,MUNOZ,MARIA DEL CARMEN ELIZABETH,5535913376,kgreenslade8l@reference.com
312,LARREA,GALLO,FERNANDO,9825476275,wkytter8m@marriott.com
313,LAVALLE,AGUILAR,PEDRO,3462784174,dobrian8n@typepad.com
314,LAVIADA,ARRIGUNAGA,FRANCISCO A.,8567257905,fmcdill8o@behance.net
315,LAZCANO,PONCE,EDUARDO CESAR,6544854821,dareles8p@state.gov
316,LEGASPI,VELASCO,JUAN ANTONIO,5383580029,mcunniffe8q@shutterfly.com
317,LEMUS,BRAVO,ANA ELENA,7518568096,lsnowdon8r@mediafire.com
318,LEON,RODRIGUEZ,EUCARIO,2511796215,bferronet8s@cbslocal.com
319,LIFSHITZ,GUINZBERG,ALBERTO,2344518905,gprestage8t@plala.or.jp
320,LIMA,GOMEZ,VIRGILIO,1587299161,aratcliffe8u@wunderground.com
321,LLAMAS,ESPERON,GUILLERMO ANTONIO,3375784824,adundon8v@blog.com
322,LLORENTE,PETERS,LUIS GUILLERMO,2974230123,asalkeld8w@wisc.edu
323,LOPEZ,ALARCON,MARDIA GUADALUPE,3318015862,cdehmel8x@prlog.org
324,LOPEZ,BARCENA,JOAQUIN JOSE,8041795899,lfishbourn8y@etsy.com
325,LOPEZ,CARRILLO,LIZBETH TERESITA,4987231968,wmckeurton8z@time.com
326,LOPEZ,CERVANTES,MALAQUIAS,9831149341,lleuren90@feedburner.com
327,LOPEZ,COLOME,ANA MARIA,9492068355,ybarkley91@google.co.jp
328,LOPEZ,KARPOVITCH,JOSEPH XAVIER,9085966910,rvice92@infoseek.co.jp
329,LOPEZ,MARTINEZ,RUBEN,4027571763,dferrarese93@omniture.com
330,LOPEZ,MUNOZ,FRANCISCO JAVIER,9268802901,atrodden94@macromedia.com
331,LOPEZ,VIDAL,YOLANDA,4913837167,lgillebert95@themeforest.net
332,LOPEZ,MACIAS,CONSTANTINO III ROBERTO,7978546874,gtomasz96@jimdo.com
333,LOREDO,ABDALA,ARTURO,5476576876,genright97@altervista.org
334,LOZANO,ASCENCIO,PEDRO RAFAEL,6505488353,tloosely98@globo.com
335,LUNA,ORTIZ,KUAUHYAMA,6177882153,dgoodhay99@hubpages.com
336,LUPI,HERRERA,EULO,3812706071,lairy9a@ibm.com
337,MACIAS,HERNANDEZ,ALEJANDRO ERNESTO,1796205534,ffaulkes9b@rakuten.co.jp
338,MACIAS,PARRA,MERCEDES,8414768734,cberkelay9c@usnews.com
339,MADERO,ROVALO,MAGDALENA,6785596528,ggraeber9d@quantcast.com
340,MADRAZO,NAVARRO,IGNACIO,3265053442,spalser9e@cmu.edu
341,MAJLUF,CRUZ,ABRAHAM SALVADOR,7142776031,hhagger9f@wikia.com
342,MALACARA,HERNANDEZ,JUAN MANUEL,7312833747,sgershom9g@sina.com.cn
343,MANCILLA,RAMIREZ,JAVIER,7215702556,ofairhurst9h@arizona.edu
344,MANDUJANO,VALDES,MARIO ANTONIO,6969801834,glongland9i@edublogs.org
345,MANJARREZ,GUTIERREZ,GABRIEL,2667187770,mclewarth9j@opera.com
346,MANSILLA,OLIVARES,ARMANDO,3526063905,rstevenson9k@meetup.com
347,MARIN,Y LOPEZ,EDUARDO ROBERTO,7584853436,mabbatucci9l@blog.com
348,MARIN,Y LOPEZ,RAFAEL ANTONIO,7316108495,cgoodhand9m@psu.edu
349,MARQUEZ,MURILLO,MANLIO FABIO,2169671776,rmammatt9n@edublogs.org
350,MARTINEZ,ABUNDIS,ESPERANZA,7096264873,dmcvicar9o@nsw.gov.au
351,MARTINEZ,CORTES,FERNANDO,3948927784,cgornall9p@washingtonpost.com
352,MARTINEZ,FONG,DANIEL,3149164446,ximpson9q@taobao.com
353,MARTINEZ,GONZALEZ,ADRIAN ALEJANDRO,9347268953,abuckham9r@dagondesign.com
354,MARTINEZ,JUAREZ,IRIS ENRIQUETA,2741411093,aspires9s@etsy.com
355,MARTINEZ,LAVIN,MANUEL,6782114698,jjenk9t@chicagotribune.com
356,MARTINEZ,MANAUTOU,JORGE,8227828082,kmotten9u@a8.net
357,MARTINEZ,MURILLO,CARLOS,2458234989,mbraban9v@examiner.com
358,MARTINEZ,PALOMO,ADOLFO,9421910296,epurkess9w@newyorker.com
359,MARTINEZ,RAMIREZ,DANIEL,1714484162,wcampany9x@cnbc.com
360,MARTINEZ,RIOS,MARCO ANTONIO,5534022981,egronou9y@webnode.com
361,MARTINEZ,SALGADO,LEONARDO HOMERO,2157635113,jlutzmann9z@salon.com
362,MARTINEZ,SANCHEZ,CARLOS RODOLFO,7821754082,taparka0@illinois.edu
363,MARTINEZ,GARCIA,JESUS OCTAVIO,4032602544,akillingbecka1@cbc.ca
364,MAS,OLIVA,JAIME,2146547692,tbabbidgea2@upenn.edu
365,MAULEN,RADOVAN,IRENE EMMITA,1722752731,srooa3@shareasale.com
366,MEANEY,MENDIOLEA,EDUARDO,5345614637,pisaca4@sourceforge.net
367,MEDINA,FRANCO,HERIBERTO,9839400684,hhotsona5@umn.edu
368,MEDINA,RODRIGUEZ,FRANCISCO GUILLERMO,6022282282,wvanthoffa6@mozilla.com
369,MEDINA,SANTILLAN,ROBERTO,5797949865,cmullisa7@reference.com
370,MEDINA,ICAZA,MARIA ELENA TERESA,8357413890,epressnella8@dion.ne.jp
371,MEJIA,ARANGURE,JUAN MANUEL,9946874492,ldenforda9@cnet.com
372,MELENDEZ,ZAJGLA,JORGE,8328196258,esamwayeaa@acquirethisname.com
373,MELMAN,SZTEYN,ESTELA,6168108735,nsuttonab@unesco.org
374,MENDEZ,SANCHEZ,NAHUM,1062621944,gmcbrierac@google.es
375,MENDOZA,MORFIN,FERNANDO,3177119743,hredmanad@irs.gov
376,MENDOZA,PINTO,CLAUDIA,3533423661,gconklinae@pbs.org
377,MENESES,GARCIA,ANTELMO ABELARDO,3645738871,rdunleaaf@unblog.fr
378,MENESES,GONZALEZ,FERNANDO,2614742923,bcruceag@mac.com
379,MERCADO,ATRI,MOISES,4631354328,dbiasioah@reddit.com
380,MERCADO,DIAZ,MIGUEL ANGEL,9386476674,tchestonai@hexun.com
381,MILLAN,GUERRERO,REBECA OLIVIA,6822928635,aguppieaj@forbes.com
382,MOHAR,BETANCOURT,ALEJANDRO,3924350757,lgellandak@360.cn
383,MOLINA,GUARNEROS,JUAN ARCADIO,6815639050,moduaneal@a8.net
384,MOLINA,MONTALVA,FERNANDO,1691323222,msyplusam@icio.us
385,MONCADA,GONZALEZ,BENJAMIN,9983139045,rstigeran@aol.com
386,MONTALVO,JAVE,EDUARDO ESTEBAN,4825286061,ttidmanao@google.co.uk
387,MORALES,BUENROSTRO,LUIS EDUARDO,7976460223,tiamittiiap@microsoft.com
388,MORALES,MONTOR,JORGE,2432212384,jyakutinaq@mozilla.org
389,MORALES,POLANCO,MANUEL ROBERTO,7802602294,jlendonar@usda.gov
390,MORENO,ALTAMIRANO,LAURA MARIA,9154146421,rrobroseas@vkontakte.ru
391,MORENO,ARANDA,JORGE,7717709078,fdowthwaiteat@toplist.cz
392,MORENO,JIMENEZ,SERGIO,6716059882,dduiganau@ebay.co.uk
393,MORENO,PORTILLO,MUCIO,8254412503,mstrikerav@issuu.com
394,MORENO,RODRIGUEZ,JOSE,1916306457,rmckeranaw@oaic.gov.au
395,MOSQUEDA,TAYLOR,ADALBERTO,7037152600,jyouleax@last.fm
396,MUNOZ,CASTELLANOS,LUIS,3011684418,ksleitay@yale.edu
397,MUNOZ,ESPINOSA,LINDA ELSA,6068203649,jjozaitisaz@elpais.com
398,MUNOZ,HERNANDEZ,ONOFRE,4806685356,akinkadeb0@kickstarter.com
399,MUNOZ,REYES,JOSE ANTONIO,9399939133,brebichonb1@bravesites.com
400,MURGUIA,PENICHE,MARIA TERESA,8844703649,yvanshinb2@over-blog.com
401,MUTCHINICK,BARINGOLTZ,OSVALDO MAXIMO,1771242948,dmccafferkyb3@fastcompany.com
402,NARRO,ROBLES,JOSE RAMON,1991537936,nmackeagueb4@booking.com
403,NATHAL,VERA,EDGAR,3142101366,asladerb5@issuu.com
404,NAVA,GUTIERREZ,MANUEL,4515366446,klannonb6@parallels.com
405,NAVARRO,OCANA,ARMANDO,2298742286,cshreenanb7@marketwatch.com
406,NAVARRO,REYNOSO,FRANCISCO PASCUAL,2226580153,ccorringtonb8@studiopress.com
407,NERI,VELA,ROLANDO HUGO,7262476801,hdeekb9@blogger.com
408,NESBITT,FALOMIR,CARLOS,3925307069,lmatousekba@goo.gl
409,NICOLINI,SANCHEZ,JOSE HUMBERTO,5764413994,lwhyberdbb@51.la
410,NIETO,ZERMENO,JAIME,3579502109,worgeebc@toplist.cz
411,OCAMPO,CANDIANI,JORGE,7452657763,scharkbd@ft.com
412,OCHOA,DIAZ-LOPEZ,HECTOR,6728892921,cdaveybe@bluehost.com
413,OCHOA,RAMIREZ,ENRIQUE,6808466351,aroelofsbf@webmd.com
414,ONDARZA,VIDAURRETA,RAUL,6556731785,randreassenbg@google.co.jp
415,ONTIVEROS,SANCHEZ,JOSE ALFONSO,5436092603,fwayonbh@weibo.com
416,OREA,TEJEDA,JOSE ISIDRO,1346182752,pallwoodbi@squarespace.com
417,OROZCO,COVARRUBIAS,MARIA DE LA LUZ,3268990503,kdurbynbj@linkedin.com
418,OROZCO,TOPETE,ROCIO DE LA LUZ,6596766138,fclarkbk@nih.gov
419,ORTEGA,AGUILAR,ALICIA,8777356504,bfishbournebl@vkontakte.ru
420,ORTEGA,PIERRES,MARIA GUADALUPE,5898559456,bdearybm@umn.edu
421,ORTIZ,HIDALGO,CARLOS,4673686465,sfrenchbn@boston.com
422,ORTIZ,ORTIZ,LIBRADO,6968055847,blibbiebo@unesco.org
423,OSTROSKY,WEGMAN,PATRICIA,6363375396,abradfordbp@usda.gov
424,PARRA,COVARRUBIAS,ADALBERTO,7646697922,ocrutcherbq@slideshare.net
425,PASCUAL,RAMOS,VIRGINIA,7136712480,bmainstonbr@qq.com
426,PASTELIN,HERNANDEZ,GUSTAVO,8256420156,froafbs@shareasale.com
427,PEDRON,NUEVO,NIEVES C.,9035102744,mcrunkhurnbt@bloglines.com
428,PENA,DUQUE,MARCO ANTONIO,9841341872,hharrowaybu@t.co
429,PENA,RODRIGUEZ,JOSE CARLOS,3851419880,spatemorebv@unc.edu
430,PENALOZA,SANTILLAN,JESUS ALFONSO,6807006932,adeansbw@qq.com
431,PEREZ,GUZMAN,CARLOS,2673302492,tbaldacchinobx@gnu.org
432,PEREZ,CUEVAS,RICARDO ENRIQUE,8144377237,jpavicby@de.vu
433,PEREZ,PADILLA,JOSE ROGELIO,3597045902,mdockertybz@creativecommons.org
434,PEREZ,PENA,EFRAIN,3262286070,cmcdonnellc0@elpais.com
435,PEREZ,TAMAYO,RUY,6174104042,jcolecroughc1@howstuffworks.com
436,PEREZ RINCON,GARCIA,HECTOR,4636983105,reastopc2@homestead.com
437,PERICHART,PERERA,OTILIA,5651526507,tmoxonc3@answers.com
438,PINEDA,VILLASENOR,CARLOS,3651092137,kmcinilityc4@craigslist.org
439,PINA,GARZA,ENRIQUE,1615553052,shousamanc5@smugmug.com
440,PIZZUTO,CHAVEZ,JAVIER DANIEL,9642836256,mcurreyc6@nsw.gov.au
441,PLANCARTE,SANCHEZ,RICARDO,1347077377,sbroxupc7@disqus.com
442,POITEVIN,CHACON,MARIA ADELA,8168690515,epuckerc8@sbwire.com
443,POLETTI,VAZQUEZ,EDUARDO DAVID,7431401577,cspornerc9@arizona.edu
444,PONCE,MACOTELA,MARTHA,1412347366,crandca@twitter.com
445,PONCE DE LEON,CASTANEDA,MARIA EUGENIA,3211408225,jirelandcb@e-recht24.de
446,PONCE DE LEON,ROSALES,SAMUEL,2692845425,ipirescc@fema.gov
447,PONCE DE LEON,GARDUNO,LUIS ALFREDO,8628092116,lsuttellcd@google.cn
448,POSADAS,ROMERO,CARLOS,8051422324,cbananece@dot.gov
449,PRADO,CALLEROS,HECTOR MANUEL,7828080598,hbramblecf@blogspot.com
450,PULIDO,ZAMUDIO,TOMAS RENE,3185090028,msaillcg@biglobe.ne.jp
451,QUIBRERA,INFANTE,RICARDO,1082776494,bbreensch@weibo.com
452,QUIROZ,MERCADO,HUGO,6418308030,imacguffieci@bandcamp.com
453,RAMIREZ,ARIAS,JOSE LUIS,8618037597,rfearncj@vinaora.com
454,RAMIREZ,BARBA,ECTOR JAIME,4048463830,gschaffelck@irs.gov
455,RAMIREZ,MATA,MANUEL,4029231206,carnholdtcl@marketwatch.com
456,RAMIREZ,ORTIZ,MARCO ANTONIO,4593878331,pveltmanncm@chronoengine.com
457,RAMON,ROMERO,FIDEL,9964263257,dcolthardcn@hostgator.com
458,RAMOS,MARTINEZ,ERNESTO,5516127951,nhalbardco@columbia.edu
459,RANGEL,FRAUSTO,MANUEL SIGFRIDO,6358570522,cwylltcp@flickr.com
460,RANGEL,GUERRA,RICARDO,4009265922,spercycq@mozilla.com
461,RENDON,PEREZ,LUIS ADRIAN,2672507957,hlewenscr@de.vu
462,REVUELTA,GUTIERREZ,ROGELIO,9718865918,ldiemercs@marriott.com
463,REYES,CUNNINGHAM,ARTURO,9041646244,kwillimentct@vimeo.com
464,REYES,FUENTES,ALEJANDRO,2082823881,lkirkupcu@chicagotribune.com
465,REYES,LOPEZ,PEDRO ANTONIO,8205976363,fgibbencv@ibm.com
466,REYES,MORALES,HORTENSIA,3806706149,aheddoncw@accuweather.com
467,REYES,SANCHEZ,ALEJANDRO ANTONIO,7946537586,gthaxtoncx@cbc.ca
468,RICHARDSON,LOPEZ COLLADO,VESTA LOUISE,6322599660,gdungaycy@redcross.org
469,RICO,MENDEZ,FLAVIO GERARDO,7065757521,mserginsoncz@zimbio.com
470,RIDAURA,SANZ,CECILIA,7734420017,lnewardd0@washington.edu
471,RIOS,CASTANEDA,LUIS CAMILO,7056750779,cmustond1@biglobe.ne.jp
472,RIVAS,RUIZ,RODOLFO,4335327010,qkunzlerd2@tripadvisor.com
473,RIVERA,DOMMARCO,JUAN ANGEL,8095261892,dtunstalld3@discovery.com
474,RIVERA,LUNA,ROBERTO,4387554314,dgergerd4@flickr.com
475,RIVERA,REYES,HECTOR HUGO,7775080885,swadesworthd5@cargocollective.com
476,RIVERO,SERRANO,OCTAVIO,3748992966,krennyd6@unicef.org
477,ROBLES,DIAZ,GUILLERMO B.,2409547600,dbeccerad7@huffingtonpost.com
478,ROCHA,ARRIETA,LUISA LILIA,9606209272,agirond8@csmonitor.com
479,RODRIGUEZ,ARGšELLES,JUAN,1635857709,dcolcloughd9@lulu.com
480,RODRIGUEZ,COVARRUBIAS,FRANCISCO TOMAS,8674969884,chagwoodda@google.com.au
481,RODRIGUEZ,DE ROMO,ANA CECILIA,2174739493,tlaslettdb@edublogs.org
482,RODRIGUEZ,LOPEZ,MARIO HENRY,8767314126,severalldc@cam.ac.uk
483,RODRIGUEZ,MOGUEL,LETICIA DEL CARMEN,3306406088,psunterdd@youku.com
484,RODRIGUEZ,NORIEGA,EDUARDO,8463128359,strustyde@un.org
485,RODRIGUEZ,PEREZ,MARTHA EUGENIA,3924454828,hcastanerdf@booking.com
486,RODRIGUEZ,RODRIGUEZ,OBDULIA,3628968711,fmorralldg@mediafire.com
487,RODRIGUEZ,SUAREZ,FRANCISCO JAVIER,3344462907,jdelvedh@goodreads.com
488,RODRIGUEZ,SUAREZ,ROMEO SERGIO,4888647809,ablanddi@ftc.gov
489,RODRIGUEZ,VIOLANTE,MAYELA DE JESUS,6767319513,ffourmandj@oracle.com
490,RODRIGUEZ,WEBER,MIGUEL ANGEL,7315338813,fseabournedk@cam.ac.uk
491,ROJAS,DOSAL,JOSE ADRIAN,4583766718,gbenardettedl@eventbrite.com
492,ROJO,MEDINA,JULIETA,4679426977,dmccromleydm@discovery.com
493,ROLDAN,GOMEZ,FRANCISO JAVIER,2658279274,ahainsworthdn@istockphoto.com
494,ROMERO,CARDENAS,ANGEL BUENAVENTURA,9701142779,astiegardo@trellian.com
495,ROMIEU,DE HERNANDEZ,ISABELLE,6814539056,jgrethamdp@ycombinator.com
496,ROSALES,OLIVAREZ,LUIS MIGUEL,4542255588,ghallihanedq@nationalgeographic.com
497,ROSAS,PERALTA,MARTIN,7872315148,fwhitcombedr@livejournal.com
498,RUANO,AGUILAR,JOSE MANUEL ARTURO,7623446953,nfeavearyeards@wiley.com
499,RUBIO,DONNADIEU,FRANCISCO,1019725019,fbreagandt@arizona.edu
500,RUBIO,MONTEVERDE,HORACIO,1267593573,niondu@yandex.ru
