Apellido Paterno,Apellido Materno,Nombre (s) ,Telefono,Correo
ABDO,FRANCIS,JUAN MIGUEL,2822567499,gonzalez@webnode.com
ABREU,HERNANDEZ,LUIS FELIPE,6058371691,clethdbrig0@chronoengine.com
ACOSTA,TORRES,LAURA SUSANA,8756748306,alonder1@youtube.com
AGUAYO,GONZALEZ,ALVARO,3254965922,vseed2@list-manage.com
AGUILAR,SALINAS,CARLOS ALBERTO,4999453234,fmccarry3@ning.com
AGUILAR,SETIEN,JOSE ALVARO,5941626474,pervin4@weebly.com
AGUIRRE,CRUZ,MARIA LUCINDA,6785338563,mdanovich5@symantec.com
AGUIRRE,GARCIA,JESUS,7628818637,atwitty6@hp.com
AGUIRRE,GAS,HECTOR GERARDO,6945665089,alambotin7@about.com
ALBERU,GOMEZ,JOSEFINA MARIA,7049766169,lterbruggen8@unc.edu
ALCANTAR,CURIEL,MARIA DOLORES,3527297261,mseivertsen9@nasa.gov
ALCARAZ,VERDUZCO,MANUEL,6706819697,kbrightya@sun.com
ALCOCER,VARELA,JORGE,4806899195,acastonb@harvard.edu
ALEXANDERSON,ROSAS,ERICK,5067096400,jmabeec@cargocollective.com
ALMEDA,VALDES,PALOMA,7301445526,elowtherd@imageshack.us
ALONSO,VANEGAS,MARIO ARTURO,2862128748,lshildrakee@reddit.com
ALONSO,VIVEROS,PATRICIA,6795396503,bsammutf@homestead.com
ALPUCHE,ARANDA,CELIA MERCEDES,8655082297,jibbesong@meetup.com
ALVA,ESPINOSA,CARLOS ALFONSO,8484691886,bfendleyh@comcast.net
ALVARADO,CABRERO,MARIA ISABEL,8395082712,yshimmani@sitemeter.com
ALVAREZ,CORDERO,RAFAEL,5478208401,hdecreuzej@google.ca
ALVAREZ,DEL RIO,MARIA ASUNCION,9566195871,fjukesk@nydailynews.com
ALVAREZ,LEFFMANS,FRANCISCO JAVIER,4014410993,twhiskerdl@w3.org
ALVAREZ,MALDONADO,PABLO,7266455937,wjiggenm@exblog.jp
ALVAREZ,NEMEGYEI,JOSE,2595680299,tdudnyn@miibeian.gov.cn
AMATO,MARTINEZ,JOSE DANTE,5396436704,iskaifedingerthorpeo@stanford.edu
AMIGO,CASTANEDA,MARIA DEL CARMEN,4279422818,ngoodchildp@blogspot.com
ANGELES,ANGELES,ARTURO,7437575073,rklagemanq@bloomberg.com
ANGELES,CASTELLANOS,ALBERTO MANUEL,9239606134,lhundleyr@cnet.com
APIQUIAN,GUITART,ROGELIO,9546054374,enancarrows@freewebs.com
ARAICO,LAGUILLO,JOAQUIN,2463123406,gbussyt@newyorker.com
ARAUZ,GONGORA,ANGEL ANTONIO,9099655680,mnortheyu@webnode.com
ARCILA,HERRERA,HERIBERTO,5826595886,mackersv@ameblo.jp
ARELLANES,GARCIA,MARIA DE LOURDES,1902062426,tdaenenw@bbb.org
ARENAS,GUZMAN,ROBERTO,9776479765,rdeexx@youku.com
ARGšERO,SANCHEZ,RUBEN,5131413038,araitiey@facebook.com
ARIAS,MONTANO,JOSE ANTONIO,1727828294,ghonackz@wp.com
ARIZA,ANDRACA,CUAUHTEMOC RAUL,6932222316,srennard10@amazon.co.uk
ARREDONDO,GALAN,JOSE HUGO,6727501676,cruggs11@prnewswire.com
ARRIAGA,GRACIA,JAIME JACOBO,5103361739,jprior12@blogtalkradio.com
ARRIAGA,PIZANO,LOURDES ANDREA,1608188386,jransley13@blog.com
ARRIETA,RODRIGUEZ,OSCAR GERARDO,9707201789,vayre14@gravatar.com
ARROYO,ACEVEDO,PEDRO,7261591430,mlaphorn15@paypal.com
ARTEAGA,GOMEZ,ANA CRISTINA,3826175187,aeldershaw16@opensource.org
ARZATE,NULL,HIGINIO,7734434177,fsperrett17@sciencedirect.com
ASTIAZARAN,GARCIA,HUMBERTO FRANCISCO,4095700979,cwride18@mac.com
AVALOS,DIAZ,ESPERANZA DEL REFUGIO,3721448427,bstratton19@xinhuanet.com
AVILA,CASADO,MARIA DEL CARMEN,8827271441,xhoys1a@taobao.com
AVILA,FUNES,JOSE ALBERTO,6344347107,gblacker1b@dmoz.org
AVILA,RODRIGUEZ,MIGUEL ANGEL,6121804878,fduckers1c@godaddy.com
AVINA,VALENCIA,JORGE ARTURO,5065400612,glanphier1d@livejournal.com
AYALA,RUIZ,AQUILES R.,9121408113,kbarnewall1e@cnn.com
BAEZ,SALDANA,ALEJANDRA RENATA,3541497706,snequest1f@vkontakte.ru
BAEZA,BACAB,MANUEL ANTONIO,1736212062,pmaccambridge1g@narod.ru
BAEZA,HERRERA,CARLOS,9816897691,jbartoszinski1h@dyndns.org
BAPTISTA,GONZALEZ,HECTOR ALFREDO,6422375761,nbalas1i@purevolume.com
GONZALEZ,ALDATZ,FERNANDO,4722800092,gtryme1j@etsy.com
BARQUERA,CERVERA,SIMON,6332236184,bbuddock1k@dedecms.com
BARRAGAN,GARCIA,RODOLFO,4856661085,mlivingston1l@wsj.com
BARRERA,FRANCO,JOSE LUIS,1786597515,anoakes1m@163.com
BARRERA,SALDANA,HUGO ALBERTO,4171056413,atidmarsh1n@virginia.edu
BARRIENTOS,GUTIERREZ,TONATIUH,8757573347,bhumby1o@sitemeter.com
BARRIGUETE,MELENDEZ,JORGE ARMANDO,6206278923,gtowell1p@zimbio.com
BARROSO,VILLA,JUAN GERARDO,1341409173,gcoulston1q@irs.gov
BASURTO,ACEVEDO,MARIA DE LOURDES,9716409304,ashellum1r@apache.org
BECKER,FAUSER,INGEBORG DOROTHEA,4272824699,bpetti1s@cdc.gov
BELTRAN,ORTEGA,ARTURO,2095607222,ocohrs1t@privacy.gov.au
BERLANGA,CISNEROS,CARLOS HERNAN,6472272476,amcgarvey1u@vistaprint.com
BERMUDEZ ,LLANOS,JOSE ARTURO,5784110747,gschouthede1v@nhs.uk
BERRUECOS,VILLALOBOS,JOSE MANUEL,8174784411,glockless1w@admin.ch
BERUMEN,CAMPOS,JAIME,9793429941,gbrenstuhl1x@biblegateway.com
BIAGI,FILIZOLA,FRANCISCO,5949380781,srobertucci1y@sakura.ne.jp
BLANCO,FAVELA,FRANCISCO ANTONIO,2416283375,npadson1z@sina.com.cn
BOBADILLA,SANDOVAL,NORMA ARACELI,2893295861,rdupree20@auda.org.au
BOJALIL,PARRA,RAFAEL,2454656663,jdehooch21@zimbio.com
BOLIO,CICERO,ALVARO,1918442821,pfossett22@theguardian.com
BORJA,ABURTO,VICTOR HUGO,1252921405,mcasine23@businesswire.com
BORRAYO,SANCHEZ,GABRIELA,5174968560,omckerlie24@mit.edu
BOSQUES,PADILLA,FRANCISCO JAVIER,3983038907,nferrillio25@pagesperso-orange.fr
BOURGES,RODRIGUEZ,HECTOR,9779611336,dbulbrook26@mysql.com
BRACHO,BLANCHET,EDUARDO,6631728993,karonowitz27@trellian.com
BRIONES,GARDUNO,JESUS CARLOS,6319237580,sbrogioni28@bloomberg.com
BUENDIA,HERNANDEZ,ALFONSO,2156853898,osurplice29@bigcartel.com
BURGOS,VARGAS,RUBEN,2889197807,cgianulli2a@uol.com.br
CABRAL,CASTANEDA,ANTONIO RAFAEL,9998597457,cherreros2b@admin.ch
CALDERON,COLMENERO,JUAN EBERTO,3897278442,jlimmer2c@instagram.com
CALDERON,GARCIDUENAS,ANA LAURA,7734103475,ibeldom2d@friendfeed.com
CALLEJA,CASTILLO,JUAN MANUEL,3514835161,rlindman2e@com.com
CALVA,MERCADO,JUAN JOSE,5398904309,sguerrin2f@nps.gov
CALVA,Y RODRIGUEZ,ROBERTO GUILLERMO,7079534754,ngullick2g@google.com.au
CAMACHO,ORTIZ,ADRIAN,7209776359,gcremer2h@ow.ly
CAMPILLO,SERRANO,CARLOS DANIEL,8984596868,jbiggadyke2i@mapy.cz
CAMPOS,NAVARRO,ROBERTO,9956547559,cdomenc2j@tumblr.com
CAMPUZANO,FERNANDEZ,MANUEL,8123825348,lricardo2k@youku.com
CANO,VALLE,FERNANDO RUBEN,2072243362,cjosowitz2l@delicious.com
CANTO,DE CETINA,THELMA E.,2003701812,ccheson2m@studiopress.com
CANTU,BRITO,CARLOS,4988957566,skuhn2n@google.com.au
CANTU,DE LEON,DAVID FRANCISCO,6805331201,tcarpmile2o@ustream.tv
CARABEZ,TREJO,ALFONSO,9739682009,wtrevascus2p@cocolog-nifty.com
CARDIEL,RIOS,MARIO HUMBERTO,3696847032,diannitti2q@fda.gov
CARDONA,PEREZ,JORGE ARTURO,5779573241,pewert2r@eepurl.com
CAREAGA,REYNA,GUILLERMO,7307833497,krayson2s@soup.io
CARNEVALE,CANTONI,ALESSANDRA,8701317172,gmundie2t@geocities.jp
CARRILLO,ESPER,RAUL,1052571407,narnke2u@umn.edu
CARRILLO,RUIZ,JOSE DAMIAN,2784153063,dmcclenan2v@upenn.edu
CASTANO,MENESES,VICTOR MANUEL,6052997993,ckinkade2w@xrea.com
CASTANON,GONZALEZ,JORGE ALBERTO,8963862831,cjillard2x@over-blog.com
CASTELLANOS,VILLEGAS,GASTON,4812861175,jbaglin2y@admin.ch
CASTILLO,MARTINEZ,LILIA,5803856419,bgayne2z@wikipedia.org
CASTILLO,SALGADO,CARLOS,9239474554,bbinny30@digg.com
CEBRIAN,GARCIA,MARIANO ENRIQUE,6659447615,sbugdall31@alexa.com
CELIS,LOPEZ,MIGUEL ANGEL,3461725255,ryukhnov32@seesaa.net
CEREIJIDO,MATTIOLI,MARCELINO,4652339135,mbirtley33@woothemes.com
CETINA,MANZANILLA,JOSE ANTONIO,7711924087,mmathe34@bing.com
CHAN,NUNEZ,LUIS CARLOS,9274968525,jpaolicchi35@whitehouse.gov
CHAPELA,MENDOZA,MARIA DEL ROCIO,4736440264,klanfere36@ning.com
CHAVEZ,COSIO,EDMUNDO,8649714202,kspriggs37@cpanel.net
CHAVEZ,NEGRETE,ADOLFO,8466373264,mbernardin38@globo.com
CHAVEZ,LOPEZ,MARIA DE GUADALUPE,6776402970,edepaoli39@ibm.com
CHICO,PONCE DE LEON,FERNANDO,5827785672,halcido3a@google.com.hk
CICERO,SABIDO,RAUL,5351561591,hmaggiore3b@marriott.com
CLARK,PERALTA,PATRICIA ELENA,2385893116,emccarver3c@walmart.com
CONTRERAS,RUIZ,JOSE,6257612635,hstockall3d@freewebs.com
CORDERA,PASTOR,ARMANDO,6139490953,lgarvagh3e@baidu.com
CORDOVA,VILLALOBOS,JOSE ANGEL,7121871223,gemmison3f@sakura.ne.jp
CORONA,VAZQUEZ,TERESA,6665446113,mbosket3g@samsung.com
CORREA,ROTTER,JOSE RICARDO,4881132781,scaberas3h@creativecommons.org
COSSIO,DIAZ,JOSE RAMON,2369690916,kkeepence3i@constantcontact.com
CRAVIOTO,QUINTANA,ALEJANDRO RAFAEL,8905083524,datlay3j@auda.org.au
CRIALES,CORTES,JOSE LUIS,2175571709,bkinastan3k@ftc.gov
CRUZ,LOPEZ,MIGUEL,5641127608,fbradbury3l@github.io
CUEVAS,RAMOS,DANIEL,8667562332,bmuneely3m@t.co
DE LA FUENTE,RAMIREZ,JUAN RAMON,8215115693,tcostard3n@prnewswire.com
DE LA GARZA,SALAZAR,JAIME GUADALUPE,5837536354,fraisbeck3o@istockphoto.com
DE LA LLATA,ROMERO,MANUEL,5055081435,volennachain3p@w3.org
DE LA PENA,DIAZ,AURORA,6043045320,aperillo3q@mozilla.com
DE LA ROSA,LARIS,CARLOS,4036895052,lgilliatt3r@google.com
DE LA TORRE,BRAVO,ANTONIO,2384069555,lcarillo3s@mozilla.org
DECANINI,TERAN,CESAR,7678020248,lkull3t@globo.com
DEHESA,VIOLANTE,MARGARITA,1732556950,amacfaell3u@barnesandnoble.com
DEL RIO,NAVARRO,BLANCA ESTELA,5012508587,mgrahl3v@dropbox.com
DIAZ,JOUANEN,EFRAIN,6619050976,hcaddie3w@usatoday.com
DIAZ,MARTINEZ,ALEJANDRO,4386030545,bdraisey3x@reuters.com
DIAZ,MARTINEZ,NESTOR FABIAN,4692422729,eottey3y@i2i.jp
DIAZ,OLAVARRIETA,CLAUDIA AMELIA,1502956152,lclatworthy3z@infoseek.co.jp
DIAZ,QUINONEZ,JOSE ALBERTO,5541453496,mcolson40@hubpages.com
DIAZ,RODRIGUEZ,MANUEL,9787820432,khannum41@sohu.com
DIAZ DE LEON,PONCE,MANUEL ANTONIO,7743886277,abowley42@toplist.cz
DOMINGUEZ,CARRILLO,LUIS GERARDO,8619359534,dleckie43@360.cn
DOMINGUEZ,CHERIT,JOSE GUILLERMO,4865550244,ejimmes44@ask.com
DOMINGUEZ,CHERIT,JUDITH GUADALUPE,3863896352,cjaimez45@canalblog.com
DOMINGUEZ,MALAGON,HUGO RICARDO,7464041594,fcasero46@uol.com.br
DOMINGUEZ,ROSADO,ISMAEL,8002799790,bcarbonell47@privacy.gov.au
DOMINGUEZ,SOTO,LUCIANO,1937663378,sbielefeld48@ameblo.jp
DREYFUS,CORTES,GEORGES,4069398003,govitz49@ning.com
DUENAS,GONZALEZ,ALFONSO,9869151439,lkuna4a@4shared.com
DUFOO,OLVERA,MANUEL,5441468580,aklaussen4b@facebook.com
DURAN,ARENAS,JUAN LUIS,9354745554,lmackey4c@ftc.gov
DURAN,MCKINSTER,LOURDES CAROLA,1171215934,nbliben4d@163.com
EGUIBAR,CUENCA,JOSE RAMON,1095011014,blord4e@sourceforge.net
EID,LIDT,GUERING,5599310300,vcribbott4f@webs.com
ELIZONDO,RIOJAS,GUILLERMO,7716749444,imathie4g@prlog.org
ESCALANTE,ACOSTA,BRUNO ALFONSO,4438764313,lyurkin4h@printfriendly.com
ESCOBAR,BRIONES,CAROLINA,4411414323,rplanks4i@patch.com
ESCOBAR,GUTIERREZ,ALEJANDRO,6853639694,wharome4j@boston.com
ESCOBEDO,DE LA PENA,JORGE,1995518859,hbarthorpe4k@jigsy.com
ESLAVA,CAMPOS,CARLOS ALBERTO,1592928250,slettley4l@studiopress.com
ESPINOLA,ZAVALETA,NILDA GLADYS,1353159973,blamps4m@biblegateway.com
ESTANOL,VIDAL,BRUNO,9412574212,sslator4n@google.pl
ESTRADA,CASTANON,ROBERTO AUGUSTO,2226258345,sgeindre4o@senate.gov
ESTRADA,PARRA,SERGIO,9198637632,ogratten4p@xing.com
ESTRADA,GARCIA,MARIA TERESA,6796619366,mneighbour4q@bigcartel.com
EXAIRE,MURAD,JOSE EMILIO,8156922003,hboodle4r@indiatimes.com
FAJARDO,DOLCI,GERMAN E.,4938743985,asecret4s@surveymonkey.com
FAJARDO,ORTIZ,GUILLERMO,4192154460,hhachard4t@oaic.gov.au
FERAT,OSORIO,EDUARDO ANTONIO,6419073587,wrosenthal4u@pcworld.com
FEREZ,SANTANDER,SERGIO MARIO,8589040756,amellor4v@indiegogo.com
FERIA,BERNAL,GUILLERMO,6996729392,cbole4w@posterous.com
FERNANDEZ,CARROCERA,LUIS ALBERTO,9071987898,eshillum4x@yahoo.co.jp
FERNANDEZ ,PEREDO,JORGE,8631035566,lbilston4y@uol.com.br
FIELD,CORTAZARES,JORGE DE JESUS,2574645388,smostin4z@senate.gov
FLISSER,STEINBRUCH,ANA,4102562315,bfidgeon50@miitbeian.gov.cn
FLORES,RIVERA,JOSE DE JESUS,9155576210,ghaddick51@g.co
FLORES,SUAREZ,LUIS FELIPE,2819050380,tdefty52@google.de
FRAGA,MOURET,ANTONIO,3037036224,bmurrthum53@tumblr.com
FRANCO,GUEVARA,MARTHA,1967866954,pshills54@wikimedia.org
FRATI,MUNARI,ALBERTO CARLO,5133783162,ajanaszkiewicz55@dyndns.org
FRENK,MORA,JULIO JOSE,7486355985,vbickerstaffe56@nasa.gov
FUENTE,DEL CAMPO,ANTONIO,2813750960,ggrummitt57@ning.com
FURUYA,MEGURO,MARIA ELENA YURIKO,2589225832,sarling58@tinyurl.com
GABILONDO,NAVARRO,FERNANDO BERNARDO,9203580527,lrunge59@scientificamerican.com
GABRIEL,ORTIZ,GENARO,2943915473,kmatteris5a@comcast.net
GALLEGOS,CIGARROA,ALFREDO JAVIER,5122766110,nconquest5b@statcounter.com
GALLEGOS,HERNANDEZ,JOSE FRANCISCO,9638884172,kgoghin5c@gmpg.org
GAMBA,AYALA,GERARDO,9159336475,mwoolmington5d@bloglovin.com
GARCIA,ARANDA,JOSE ALBERTO,4686511068,cvasilkov5e@mashable.com
GARCIA,DE LA TORRE,IGNACIO,4327308510,lmcilvaney5f@comsenz.com
GARCIA,DIAZ,DAVID ERASMO,3879060018,hbartusek5g@google.com.au
GARCIA,GARCIA,MARIA DE LOURDES,6794875081,mkingsnode5h@last.fm
GARCIA,PENA,MARIA DEL CARMEN,7362001000,ghaythorne5i@europa.eu
GARCIA,RAMOS,GUILLERMO SALVADOR,3167635358,scammis5j@paginegialle.it
GARCIA,RIVAS,GERARDO DE JESUS,2107893486,rsandever5k@sun.com
GARCIA,SAINZ,JESUS ADOLFO,6794415419,ksagg5l@storify.com
GARCIA,VELASCO,JOSE,1433520902,gstopforth5m@wikipedia.org
GARCIA,VILLARREAL,OVIDIO ALBERTO,1811382549,bsparshatt5n@creativecommons.org
GARCIA,CARRASCO,MARIO,8955534381,jclutton5o@princeton.edu
GARZA,MERCADO,ROMAN,5616523892,cdehaven5p@gov.uk
GARZA,RAMOS,JUAN,5639719933,awicher5q@instagram.com
GASPAR,HERNANDEZ,JORGE,2731898340,rcousans5r@cbc.ca
GERSON,CWILICH,RAQUEL,5395426033,pkearley5s@netlog.com
GIONO,CEREZO,SILVIA,3557998258,knulty5t@accuweather.com
GIRON,PEREZ,MANUEL IVAN,8816689642,mogg5u@apple.com
GOMEZ,ALCALA,ALEJANDRO VIDAL,2777744732,abennetto5v@webs.com
GOMEZ,ALMAGUER,DAVID,2426364222,ilippi5w@aboutads.info
GOMEZ,BARRETO,DEMOSTENES,6102077107,mbrignell5x@dropbox.com
GOMEZ,PEREZ,FRANCISCO JAVIER,7257144896,tivanchenkov5y@t-online.de
GOMEZ,QUIROZ,LUIS ENRIQUE,6622484715,bthorlby5z@tamu.edu
GOMEZ,REGUERA,LEOPOLDO,8733335504,rkinge60@sogou.com
GOMEZ,DIAZ,RITA ANGELICA,5873589490,kwelham61@ning.com
GONGORA,RIVERA,JUAN FERNANDO,4285404106,bofen62@marriott.com
GONZALEZ,AMARO,ROBERTO F.,3706424540,lyeats63@sphinn.com
GONZALEZ,BLOCK,MIGUEL ANGEL,3133851497,acoatsworth64@scientificamerican.com
GONZALEZ,BONILLA,CESAR RAUL,3161842218,alamkin65@opensource.org
GONZALEZ,CHAVEZ,ANTONIO,9064901401,csenter66@youtu.be
GONZALEZ,CONTRERAS,QUINTIN HECTOR,9187055365,jtwinterman67@marriott.com
GONZALEZ,CORNEJO,SALVADOR,8557309901,martis68@github.io
GONZALEZ,HERMOSILLO,JESUS ANTONIO,7988586290,lbrickwood69@trellian.com
GONZALEZ,LLAVEN,JOSE EUGENIO,7943072378,lgavaran6a@zimbio.com
GONZALEZ,OJEDA,ALEJANDRO,3006441368,gklain6b@apple.com
GONZALEZ,ORTIZ,MANUEL,4253223903,blegier6c@cpanel.net
GONZALEZ,PEREZ,OSCAR PORFIRIO,5655572168,wmarzele6d@sourceforge.net
GONZALEZ,ROMERO,SERGIO,2267851585,jsergeant6e@sbwire.com
GONZALEZ ,MARTINEZ,TERESITA DEL NINO JESUS,7821168398,tdedman6f@wufoo.com
GONZALEZ ,BRISENO,MARIA ALEJANDRA,5105571417,atilte6g@bloglovin.com
GONZALEZ,Y MURIEL,GABRIELA,1733083647,cvasyutichev6h@chicagotribune.com
GONZALEZ,Y MURIEL,LORENZA,2524918020,jbrazil6i@wufoo.com
GORDON,BARABEJZYK,FELIPE,5548784884,qlamacraft6j@nbcnews.com
GORODEZKY,LAUFERMAN,CLARA,1109065170,ggarwill6k@gizmodo.com
GRAEF,SANCHEZ,ALICIA,8172336496,dparbrook6l@studiopress.com
GRANADOS,ARRIOLA,JULIO,3735583678,mslixby6m@yale.edu
GRAUE,WIECHERS,ENRIQUE LUIS,8896571421,hwyley6n@altervista.org
GUADALAJARA,BOO,JOSE FERNANDO,9645116933,folwen6o@google.nl
GUAL,CASTRO,CARLOS,6222189942,etakos6p@blogs.com
GUARDIOLA,FERNANDEZ,ANTONIO,5777058769,ajillard6q@msu.edu
GUERRERO,AVENDANO,GUADALUPE MERCEDES LUCIA,1431120055,bblackman6r@ted.com
GUEVARA,CRUZ,MARTHA,6113509796,cwolverson6s@lycos.com
GUEVARA,GUZMAN,ROSALINDA,6972666749,agigg6t@ycombinator.com
GUEVARA,LOPEZ,URIA MEDARDO,5774623027,ggarfirth6u@dyndns.org
GUINTO,BALANZAR,GERARDO,8672224393,twaltho6v@smugmug.com
GUISCAFRE,GALLARDO,HECTOR JOSE,6885649998,larmatys6w@un.org
GUITIERREZ,RUIZ,MARIA CONCEPCION,2898133771,sfrazier6x@ycombinator.com
GULIAS,GUERRERO,ALFONSO,5159193724,jfairey6y@mashable.com
GUTIERREZ,AGUIRRE,CESAR HOMERO,9593789006,bkineton6z@about.me
GUTIERREZ,ROBLEDO,LUIS MIGUEL,7716956777,askaid70@xinhuanet.com
GUTIERREZ,SAMPERIO,CESAR,7232637799,chevner71@bluehost.com
GUTIERREZ,REYES,JUAN PABLO,7483220541,swoolhouse72@ox.ac.uk
HALABE,CHEREM,JOSE,4769569355,fpiesold73@ebay.com
HAMUI,SUTTON,ALICIA,7175831775,fhusselbee74@bravesites.com
HEINZE,MARTIN,GERARDO,8649157439,dhatchett75@weibo.com
HEREDIA,DUARTE,ALFREDO,8806357545,abartholin76@guardian.co.uk
HERNANDEZ,AVILA,MAURICIO,7688252919,mtallet77@newyorker.com
HERNANDEZ,DA MOTTA,SERGIO EUSTOLIO,4477249099,cpritty78@gnu.org
HERNANDEZ,JAUREGUI,PABLO,3591922429,evidgen79@foxnews.com
HERNANDEZ,MOLINA,GABRIELA AURORA,7788214173,rhuard7a@newsvine.com
HERNANDEZ,ORTIZ,JORGE,7895602251,lcowperthwaite7b@flavors.me
HERNANDEZ,PANDO,ROGELIO ENRIQUE,6968531502,jmusselwhite7c@auda.org.au
HERNANDEZ,RODRIGUEZ,JORGE,4771846512,fmarrison7d@themeforest.net
HERNANDEZ,SOLIS,ALEJANDRO,7669758027,lberick7e@ebay.com
HERNANDEZ,VALENCIA,MARCELINO,6168049899,asimonett7f@hugedomains.com
HERRERA,ABARCA,JORGE E.,3033037944,tpostians7g@ow.ly
HERRERA,ESPARZA,RAFAEL,7897714129,jlooks7h@amazonaws.com
HERRERA,GOEPFERT,ROBERTO,5365137025,whuton7i@canalblog.com
HERRERA,HERNANDEZ,MIGUEL FRANCISCO,9088940455,cchallicombe7j@nyu.edu
HERRERA,MONTALVO,LUIS ALONSO,1761004722,blavender7k@macromedia.com
HICKS,GOMEZ,JUAN JOSE,8545223380,ateodorski7l@theglobeandmail.com
HIJAR,MEDINA,MARTHA C.,2044818056,cranyell7m@tripadvisor.com
HINOJOSA,BECERRIL,CARLOS ARTURO,8686496419,twickie7n@reuters.com
HIRIART,URDANIVIA,MARCIA,3636928706,gsyce7o@discuz.net
HOJYO,TOMOKA,MARIA TERESA,5359042507,kcaroll7p@cpanel.net
HONG,CHONG,ENRIQUE,4934192597,vgernier7q@apache.org
HUERTA,YEPEZ,SARA,3662877287,ltocher7r@netvibes.com
HURTADO,ANDRADE,HUMBERTO,7207522296,nkrol7s@walmart.com
IBARRA,ARIAS,JUAN ANTONIO,8627172891,jparminter7t@soundcloud.com
IBARRA,PONCE DE LEON,JOSE CLEMENTE,9336996106,sdedomenicis7u@quantcast.com
IGLESIAS,MORALES,MARTIN,6887170758,lnannoni7v@flavors.me
ILARRAZA,LOMELI,HERMES,2707401306,kgreatbanks7w@sphinn.com
INFANTE,CASTANEDA,CLAUDIA BEGONA,7972824571,hmary7x@umich.edu
IRIGOYEN,CORIA,ARNULFO EMMANUEL,9984594052,jfransman7y@oakley.com
ISIBASI,ARAUJO,ARMANDO,8173004543,dprier7z@livejournal.com
ISORDIA,SALAS,IRMA,6753683159,jcartmell80@yahoo.co.jp
ITURRALDE,TORRES,PEDRO,8445751073,jajam81@delicious.com
JAKEZ,OCAMPO,JUAN DE JESUS,1064799497,bbelford82@hhs.gov
JASSO,GUTIERREZ,LUIS,8868243230,bthirlwall83@hugedomains.com
JAUREGUI,RENAUD,KATHRINE,7307789413,esuttill84@trellian.com
SANCHEZ,DIAZ,CARLOS,9637984810,jcorington85@japanpost.jp
JIMENEZ,PONCE,FIACRO,5981280175,dgeorgius86@hp.com
JIMENEZ,SANCHEZ,GERARDO,9799234283,djosey87@netscape.com
JUNG,COOK,HELGI HELENE,1855619133,rdudding88@cloudflare.com
KARCHMER,KRIVITZKY,SAMUEL,2492192776,pmates89@ucla.edu
KATZ,GUSS,GREGORIO,1876539941,pmaasz8a@prlog.org
KAUFER,HORWITZ,MARTHA,1971431845,lream8b@kickstarter.com
KERSHENOBICH,STALNIKOWITZ,DAVID,7561951852,dlafee8c@hostgator.com
KIMURA,FUJIKAMI,TAKAO,7052494261,wmcdonell8d@usa.gov
KIMURA,FUJIKAMI,YUKIYOSI,4274042205,mpleass8e@surveymonkey.com
KNAUL,WINDISH,FELICIA MARIE,4209355459,hlias8f@gnu.org
KURI,HARCUCH,WALID,4952081780,rlehrmann8g@ibm.com
KURI,MORALES,PABLO ANTONIO,7009484281,cdutt8h@reference.com
LABARDINI,MENDEZ,JUAN RAFAEL,8349954241,lprickett8i@state.tx.us
LACLETTE,SAN ROMAN,JUAN PEDRO,6435879011,lapplegate8j@github.com
LACY,NIEBLA,MARIA DEL CARMEN,1398721805,rcliburn8k@com.com
LARA,MUNOZ,MARIA DEL CARMEN ELIZABETH,5535913376,kgreenslade8l@reference.com
LARREA,GALLO,FERNANDO,9825476275,wkytter8m@marriott.com
LAVALLE,AGUILAR,PEDRO,3462784174,dobrian8n@typepad.com
LAVIADA,ARRIGUNAGA,FRANCISCO A.,8567257905,fmcdill8o@behance.net
LAZCANO,PONCE,EDUARDO CESAR,6544854821,dareles8p@state.gov
LEGASPI,VELASCO,JUAN ANTONIO,5383580029,mcunniffe8q@shutterfly.com
LEMUS,BRAVO,ANA ELENA,7518568096,lsnowdon8r@mediafire.com
LEON,RODRIGUEZ,EUCARIO,2511796215,bferronet8s@cbslocal.com
LIFSHITZ,GUINZBERG,ALBERTO,2344518905,gprestage8t@plala.or.jp
LIMA,GOMEZ,VIRGILIO,1587299161,aratcliffe8u@wunderground.com
LLAMAS,ESPERON,GUILLERMO ANTONIO,3375784824,adundon8v@blog.com
LLORENTE,PETERS,LUIS GUILLERMO,2974230123,asalkeld8w@wisc.edu
LOPEZ,ALARCON,MARDIA GUADALUPE,3318015862,cdehmel8x@prlog.org
LOPEZ,BARCENA,JOAQUIN JOSE,8041795899,lfishbourn8y@etsy.com
LOPEZ,CARRILLO,LIZBETH TERESITA,4987231968,wmckeurton8z@time.com
LOPEZ,CERVANTES,MALAQUIAS,9831149341,lleuren90@feedburner.com
LOPEZ,COLOME,ANA MARIA,9492068355,ybarkley91@google.co.jp
LOPEZ,KARPOVITCH,JOSEPH XAVIER,9085966910,rvice92@infoseek.co.jp
LOPEZ,MARTINEZ,RUBEN,4027571763,dferrarese93@omniture.com
LOPEZ,MUNOZ,FRANCISCO JAVIER,9268802901,atrodden94@macromedia.com
LOPEZ,VIDAL,YOLANDA,4913837167,lgillebert95@themeforest.net
LOPEZ,MACIAS,CONSTANTINO III ROBERTO,7978546874,gtomasz96@jimdo.com
LOREDO,ABDALA,ARTURO,5476576876,genright97@altervista.org
LOZANO,ASCENCIO,PEDRO RAFAEL,6505488353,tloosely98@globo.com
LUNA,ORTIZ,KUAUHYAMA,6177882153,dgoodhay99@hubpages.com
LUPI,HERRERA,EULO,3812706071,lairy9a@ibm.com
MACIAS,HERNANDEZ,ALEJANDRO ERNESTO,1796205534,ffaulkes9b@rakuten.co.jp
MACIAS,PARRA,MERCEDES,8414768734,cberkelay9c@usnews.com
MADERO,ROVALO,MAGDALENA,6785596528,ggraeber9d@quantcast.com
MADRAZO,NAVARRO,IGNACIO,3265053442,spalser9e@cmu.edu
MAJLUF,CRUZ,ABRAHAM SALVADOR,7142776031,hhagger9f@wikia.com
MALACARA,HERNANDEZ,JUAN MANUEL,7312833747,sgershom9g@sina.com.cn
MANCILLA,RAMIREZ,JAVIER,7215702556,ofairhurst9h@arizona.edu
MANDUJANO,VALDES,MARIO ANTONIO,6969801834,glongland9i@edublogs.org
MANJARREZ,GUTIERREZ,GABRIEL,2667187770,mclewarth9j@opera.com
MANSILLA,OLIVARES,ARMANDO,3526063905,rstevenson9k@meetup.com
MARIN,Y LOPEZ,EDUARDO ROBERTO,7584853436,mabbatucci9l@blog.com
MARIN,Y LOPEZ,RAFAEL ANTONIO,7316108495,cgoodhand9m@psu.edu
MARQUEZ,MURILLO,MANLIO FABIO,2169671776,rmammatt9n@edublogs.org
MARTINEZ,ABUNDIS,ESPERANZA,7096264873,dmcvicar9o@nsw.gov.au
MARTINEZ,CORTES,FERNANDO,3948927784,cgornall9p@washingtonpost.com
MARTINEZ,FONG,DANIEL,3149164446,ximpson9q@taobao.com
MARTINEZ,GONZALEZ,ADRIAN ALEJANDRO,9347268953,abuckham9r@dagondesign.com
MARTINEZ,JUAREZ,IRIS ENRIQUETA,2741411093,aspires9s@etsy.com
MARTINEZ,LAVIN,MANUEL,6782114698,jjenk9t@chicagotribune.com
MARTINEZ,MANAUTOU,JORGE,8227828082,kmotten9u@a8.net
MARTINEZ,MURILLO,CARLOS,2458234989,mbraban9v@examiner.com
MARTINEZ,PALOMO,ADOLFO,9421910296,epurkess9w@newyorker.com
MARTINEZ,RAMIREZ,DANIEL,1714484162,wcampany9x@cnbc.com
MARTINEZ,RIOS,MARCO ANTONIO,5534022981,egronou9y@webnode.com
MARTINEZ,SALGADO,LEONARDO HOMERO,2157635113,jlutzmann9z@salon.com
MARTINEZ,SANCHEZ,CARLOS RODOLFO,7821754082,taparka0@illinois.edu
MARTINEZ,GARCIA,JESUS OCTAVIO,4032602544,akillingbecka1@cbc.ca
MAS,OLIVA,JAIME,2146547692,tbabbidgea2@upenn.edu
MAULEN,RADOVAN,IRENE EMMITA,1722752731,srooa3@shareasale.com
MEANEY,MENDIOLEA,EDUARDO,5345614637,pisaca4@sourceforge.net
MEDINA,FRANCO,HERIBERTO,9839400684,hhotsona5@umn.edu
MEDINA,RODRIGUEZ,FRANCISCO GUILLERMO,6022282282,wvanthoffa6@mozilla.com
MEDINA,SANTILLAN,ROBERTO,5797949865,cmullisa7@reference.com
MEDINA,ICAZA,MARIA ELENA TERESA,8357413890,epressnella8@dion.ne.jp
MEJIA,ARANGURE,JUAN MANUEL,9946874492,ldenforda9@cnet.com
MELENDEZ,ZAJGLA,JORGE,8328196258,esamwayeaa@acquirethisname.com
MELMAN,SZTEYN,ESTELA,6168108735,nsuttonab@unesco.org
MENDEZ,SANCHEZ,NAHUM,1062621944,gmcbrierac@google.es
MENDOZA,MORFIN,FERNANDO,3177119743,hredmanad@irs.gov
MENDOZA,PINTO,CLAUDIA,3533423661,gconklinae@pbs.org
MENESES,GARCIA,ANTELMO ABELARDO,3645738871,rdunleaaf@unblog.fr
MENESES,GONZALEZ,FERNANDO,2614742923,bcruceag@mac.com
MERCADO,ATRI,MOISES,4631354328,dbiasioah@reddit.com
MERCADO,DIAZ,MIGUEL ANGEL,9386476674,tchestonai@hexun.com
MILLAN,GUERRERO,REBECA OLIVIA,6822928635,aguppieaj@forbes.com
MOHAR,BETANCOURT,ALEJANDRO,3924350757,lgellandak@360.cn
MOLINA,GUARNEROS,JUAN ARCADIO,6815639050,moduaneal@a8.net
MOLINA,MONTALVA,FERNANDO,1691323222,msyplusam@icio.us
MONCADA,GONZALEZ,BENJAMIN,9983139045,rstigeran@aol.com
MONTALVO,JAVE,EDUARDO ESTEBAN,4825286061,ttidmanao@google.co.uk
MORALES,BUENROSTRO,LUIS EDUARDO,7976460223,tiamittiiap@microsoft.com
MORALES,MONTOR,JORGE,2432212384,jyakutinaq@mozilla.org
MORALES,POLANCO,MANUEL ROBERTO,7802602294,jlendonar@usda.gov
MORENO,ALTAMIRANO,LAURA MARIA,9154146421,rrobroseas@vkontakte.ru
MORENO,ARANDA,JORGE,7717709078,fdowthwaiteat@toplist.cz
MORENO,JIMENEZ,SERGIO,6716059882,dduiganau@ebay.co.uk
MORENO,PORTILLO,MUCIO,8254412503,mstrikerav@issuu.com
MORENO,RODRIGUEZ,JOSE,1916306457,rmckeranaw@oaic.gov.au
MOSQUEDA,TAYLOR,ADALBERTO,7037152600,jyouleax@last.fm
MUNOZ,CASTELLANOS,LUIS,3011684418,ksleitay@yale.edu
MUNOZ,ESPINOSA,LINDA ELSA,6068203649,jjozaitisaz@elpais.com
MUNOZ,HERNANDEZ,ONOFRE,4806685356,akinkadeb0@kickstarter.com
MUNOZ,REYES,JOSE ANTONIO,9399939133,brebichonb1@bravesites.com
MURGUIA,PENICHE,MARIA TERESA,8844703649,yvanshinb2@over-blog.com
MUTCHINICK,BARINGOLTZ,OSVALDO MAXIMO,1771242948,dmccafferkyb3@fastcompany.com
NARRO,ROBLES,JOSE RAMON,1991537936,nmackeagueb4@booking.com
NATHAL,VERA,EDGAR,3142101366,asladerb5@issuu.com
NAVA,GUTIERREZ,MANUEL,4515366446,klannonb6@parallels.com
NAVARRO,OCANA,ARMANDO,2298742286,cshreenanb7@marketwatch.com
NAVARRO,REYNOSO,FRANCISCO PASCUAL,2226580153,ccorringtonb8@studiopress.com
NERI,VELA,ROLANDO HUGO,7262476801,hdeekb9@blogger.com
NESBITT,FALOMIR,CARLOS,3925307069,lmatousekba@goo.gl
NICOLINI,SANCHEZ,JOSE HUMBERTO,5764413994,lwhyberdbb@51.la
NIETO,ZERMENO,JAIME,3579502109,worgeebc@toplist.cz
OCAMPO,CANDIANI,JORGE,7452657763,scharkbd@ft.com
OCHOA,DIAZ-LOPEZ,HECTOR,6728892921,cdaveybe@bluehost.com
OCHOA,RAMIREZ,ENRIQUE,6808466351,aroelofsbf@webmd.com
ONDARZA,VIDAURRETA,RAUL,6556731785,randreassenbg@google.co.jp
ONTIVEROS,SANCHEZ,JOSE ALFONSO,5436092603,fwayonbh@weibo.com
OREA,TEJEDA,JOSE ISIDRO,1346182752,pallwoodbi@squarespace.com
OROZCO,COVARRUBIAS,MARIA DE LA LUZ,3268990503,kdurbynbj@linkedin.com
OROZCO,TOPETE,ROCIO DE LA LUZ,6596766138,fclarkbk@nih.gov
ORTEGA,AGUILAR,ALICIA,8777356504,bfishbournebl@vkontakte.ru
ORTEGA,PIERRES,MARIA GUADALUPE,5898559456,bdearybm@umn.edu
ORTIZ,HIDALGO,CARLOS,4673686465,sfrenchbn@boston.com
ORTIZ,ORTIZ,LIBRADO,6968055847,blibbiebo@unesco.org
OSTROSKY,WEGMAN,PATRICIA,6363375396,abradfordbp@usda.gov
PARRA,COVARRUBIAS,ADALBERTO,7646697922,ocrutcherbq@slideshare.net
PASCUAL,RAMOS,VIRGINIA,7136712480,bmainstonbr@qq.com
PASTELIN,HERNANDEZ,GUSTAVO,8256420156,froafbs@shareasale.com
PEDRON,NUEVO,NIEVES C.,9035102744,mcrunkhurnbt@bloglines.com
PENA,DUQUE,MARCO ANTONIO,9841341872,hharrowaybu@t.co
PENA,RODRIGUEZ,JOSE CARLOS,3851419880,spatemorebv@unc.edu
PENALOZA,SANTILLAN,JESUS ALFONSO,6807006932,adeansbw@qq.com
PEREZ,GUZMAN,CARLOS,2673302492,tbaldacchinobx@gnu.org
PEREZ,CUEVAS,RICARDO ENRIQUE,8144377237,jpavicby@de.vu
PEREZ,PADILLA,JOSE ROGELIO,3597045902,mdockertybz@creativecommons.org
PEREZ,PENA,EFRAIN,3262286070,cmcdonnellc0@elpais.com
PEREZ,TAMAYO,RUY,6174104042,jcolecroughc1@howstuffworks.com
PEREZ RINCON,GARCIA,HECTOR,4636983105,reastopc2@homestead.com
PERICHART,PERERA,OTILIA,5651526507,tmoxonc3@answers.com
PINEDA,VILLASENOR,CARLOS,3651092137,kmcinilityc4@craigslist.org
PINA,GARZA,ENRIQUE,1615553052,shousamanc5@smugmug.com
PIZZUTO,CHAVEZ,JAVIER DANIEL,9642836256,mcurreyc6@nsw.gov.au
PLANCARTE,SANCHEZ,RICARDO,1347077377,sbroxupc7@disqus.com
POITEVIN,CHACON,MARIA ADELA,8168690515,epuckerc8@sbwire.com
POLETTI,VAZQUEZ,EDUARDO DAVID,7431401577,cspornerc9@arizona.edu
PONCE,MACOTELA,MARTHA,1412347366,crandca@twitter.com
PONCE DE LEON,CASTANEDA,MARIA EUGENIA,3211408225,jirelandcb@e-recht24.de
PONCE DE LEON,ROSALES,SAMUEL,2692845425,ipirescc@fema.gov
PONCE DE LEON,GARDUNO,LUIS ALFREDO,8628092116,lsuttellcd@google.cn
POSADAS,ROMERO,CARLOS,8051422324,cbananece@dot.gov
PRADO,CALLEROS,HECTOR MANUEL,7828080598,hbramblecf@blogspot.com
PULIDO,ZAMUDIO,TOMAS RENE,3185090028,msaillcg@biglobe.ne.jp
QUIBRERA,INFANTE,RICARDO,1082776494,bbreensch@weibo.com
QUIROZ,MERCADO,HUGO,6418308030,imacguffieci@bandcamp.com
RAMIREZ,ARIAS,JOSE LUIS,8618037597,rfearncj@vinaora.com
RAMIREZ,BARBA,ECTOR JAIME,4048463830,gschaffelck@irs.gov
RAMIREZ,MATA,MANUEL,4029231206,carnholdtcl@marketwatch.com
RAMIREZ,ORTIZ,MARCO ANTONIO,4593878331,pveltmanncm@chronoengine.com
RAMON,ROMERO,FIDEL,9964263257,dcolthardcn@hostgator.com
RAMOS,MARTINEZ,ERNESTO,5516127951,nhalbardco@columbia.edu
RANGEL,FRAUSTO,MANUEL SIGFRIDO,6358570522,cwylltcp@flickr.com
RANGEL,GUERRA,RICARDO,4009265922,spercycq@mozilla.com
RENDON,PEREZ,LUIS ADRIAN,2672507957,hlewenscr@de.vu
REVUELTA,GUTIERREZ,ROGELIO,9718865918,ldiemercs@marriott.com
REYES,CUNNINGHAM,ARTURO,9041646244,kwillimentct@vimeo.com
REYES,FUENTES,ALEJANDRO,2082823881,lkirkupcu@chicagotribune.com
REYES,LOPEZ,PEDRO ANTONIO,8205976363,fgibbencv@ibm.com
REYES,MORALES,HORTENSIA,3806706149,aheddoncw@accuweather.com
REYES,SANCHEZ,ALEJANDRO ANTONIO,7946537586,gthaxtoncx@cbc.ca
RICHARDSON,LOPEZ COLLADO,VESTA LOUISE,6322599660,gdungaycy@redcross.org
RICO,MENDEZ,FLAVIO GERARDO,7065757521,mserginsoncz@zimbio.com
RIDAURA,SANZ,CECILIA,7734420017,lnewardd0@washington.edu
RIOS,CASTANEDA,LUIS CAMILO,7056750779,cmustond1@biglobe.ne.jp
RIVAS,RUIZ,RODOLFO,4335327010,qkunzlerd2@tripadvisor.com
RIVERA,DOMMARCO,JUAN ANGEL,8095261892,dtunstalld3@discovery.com
RIVERA,LUNA,ROBERTO,4387554314,dgergerd4@flickr.com
RIVERA,REYES,HECTOR HUGO,7775080885,swadesworthd5@cargocollective.com
RIVERO,SERRANO,OCTAVIO,3748992966,krennyd6@unicef.org
ROBLES,DIAZ,GUILLERMO B.,2409547600,dbeccerad7@huffingtonpost.com
ROCHA,ARRIETA,LUISA LILIA,9606209272,agirond8@csmonitor.com
RODRIGUEZ,ARGšELLES,JUAN,1635857709,dcolcloughd9@lulu.com
RODRIGUEZ,COVARRUBIAS,FRANCISCO TOMAS,8674969884,chagwoodda@google.com.au
RODRIGUEZ,DE ROMO,ANA CECILIA,2174739493,tlaslettdb@edublogs.org
RODRIGUEZ,LOPEZ,MARIO HENRY,8767314126,severalldc@cam.ac.uk
RODRIGUEZ,MOGUEL,LETICIA DEL CARMEN,3306406088,psunterdd@youku.com
RODRIGUEZ,NORIEGA,EDUARDO,8463128359,strustyde@un.org
RODRIGUEZ,PEREZ,MARTHA EUGENIA,3924454828,hcastanerdf@booking.com
RODRIGUEZ,RODRIGUEZ,OBDULIA,3628968711,fmorralldg@mediafire.com
RODRIGUEZ,SUAREZ,FRANCISCO JAVIER,3344462907,jdelvedh@goodreads.com
RODRIGUEZ,SUAREZ,ROMEO SERGIO,4888647809,ablanddi@ftc.gov
RODRIGUEZ,VIOLANTE,MAYELA DE JESUS,6767319513,ffourmandj@oracle.com
RODRIGUEZ,WEBER,MIGUEL ANGEL,7315338813,fseabournedk@cam.ac.uk
ROJAS,DOSAL,JOSE ADRIAN,4583766718,gbenardettedl@eventbrite.com
ROJO,MEDINA,JULIETA,4679426977,dmccromleydm@discovery.com
ROLDAN,GOMEZ,FRANCISO JAVIER,2658279274,ahainsworthdn@istockphoto.com
ROMERO,CARDENAS,ANGEL BUENAVENTURA,9701142779,astiegardo@trellian.com
ROMIEU,DE HERNANDEZ,ISABELLE,6814539056,jgrethamdp@ycombinator.com
ROSALES,OLIVAREZ,LUIS MIGUEL,4542255588,ghallihanedq@nationalgeographic.com
ROSAS,PERALTA,MARTIN,7872315148,fwhitcombedr@livejournal.com
RUANO,AGUILAR,JOSE MANUEL ARTURO,7623446953,nfeavearyeards@wiley.com
RUBIO,DONNADIEU,FRANCISCO,1019725019,fbreagandt@arizona.edu
RUBIO,MONTEVERDE,HORACIO,1267593573,niondu@yandex.ru
